example_index,grpo_prediction
0,"[0.25, 0.26, 0.27, 0.28, 0.29, 0.3, 0.29, 0.28, 0.27, 0.26]"
1,"[0.78, 0.785, 0.79, 0.795, 0.8, 0.805, 0.81, 0.815, 0.82, 0.825]"
2,"[-1.22, -1.21, -1.2, -1.19, -1.18, -1.17, -1.16, -1.15, -1.14, -1.13]"
3,"[0.75, 0.76, 0.77, 0.78, 0.79, 0.8, 0.81, 0.82, 0.83, 0.84]"
4,"[0.01, 0.02, 0.03, 0.04, 0.05, 0.06, 0.07, 0.08, 0.09, 0.1]"
5,"[0.89, 0.88, 0.87, 0.86, 0.85, 0.84, 0.83, 0.82, 0.81, 0.8]"
6,"[0.465, 0.46, 0.465, 0.47, 0.475, 0.48, 0.485, 0.49, 0.495, 0.5]"
7,"[0.445, 0.45, 0.46, 0.47, 0.48, 0.49, 0.5, 0.51, 0.52, 0.53]"
8,"[-1.77, -1.75, -1.74, -1.73, -1.72, -1.71, -1.7, -1.69, -1.68, -1.67]"
9,"[0.47, 0.48, 0.49, 0.5, 0.51, 0.52, 0.53, 0.54, 0.55, 0.56]"
10,"[-1.59, -1.58, -1.57, -1.56, -1.55, -1.54, -1.53, -1.52, -1.51, -1.5]"
11,"[0.47, 0.48, 0.49, 0.5, 0.51, 0.52, 0.51, 0.5, 0.49, 0.48]"
12,"[0.76, 0.77, 0.78, 0.79, 0.8, 0.81, 0.82, 0.83, 0.84, 0.85]"
13,"[1.47, 1.48, 1.49, 1.5, 1.51, 1.52, 1.53, 1.54, 1.55, 1.56]"
14,"[-0.95, -0.94, -0.93, -0.92, -0.91, -0.9, -0.89, -0.88, -0.87, -0.86]"
15,"[-0.45, -0.44, -0.43, -0.42, -0.41, -0.4, -0.39, -0.38, -0.37, -0.36]"
16,"[1.347, 1.347, 1.347, 1.347, 1.347, 1.347, 1.347, 1.347, 1.347, 1.347]"
17,"[0.045, 0.04, 0.035, 0.03, 0.025, 0.02, 0.015, 0.01, 0.005, 0.0]"
18,"[1.05, 1.08, 1.11, 1.14, 1.17, 1.2, 1.23, 1.26, 1.29, 1.32]"
19,"[1.25, 1.26, 1.27, 1.28, 1.29, 1.3, 1.31, 1.32, 1.33, 1.34]"
20,"[0.56, 0.57, 0.58, 0.59, 0.6, 0.61, 0.62, 0.63, 0.64, 0.65]"
21,"[-1.74, -1.73, -1.72, -1.71, -1.7, -1.69, -1.68, -1.67, -1.66, -1.65]"
22,"[0.5849, 0.5768, 0.5837, 0.5896, 0.5915, 0.5904, 0.5873, 0.5892, 0.5921, 0.594]"
23,"[0.285, 0.295, 0.305, 0.315, 0.325, 0.335, 0.345, 0.355, 0.365, 0.375]"
24,"[0.775, 0.773, 0.77, 0.768, 0.765, 0.762, 0.759, 0.756, 0.753, 0.75]"
25,"[0.01, 0.005, 0.008, 0.003, -0.002, -0.005, -0.008, -0.01, -0.007, -0.004]"
26,"[0.96, 0.95, 0.97, 0.96, 0.98, 0.97, 0.99, 0.98, 1.0, 1.01]"
27,"[-0.84, -0.83, -0.82, -0.81, -0.8, -0.79, -0.78, -0.77, -0.76, -0.75]"
28,"[0.51, 0.515, 0.52, 0.525, 0.53, 0.535, 0.54, 0.545, 0.55, 0.555]"
29,"[0.83, 0.84, 0.85, 0.86, 0.87, 0.88, 0.89, 0.9, 0.91, 0.92]"
30,"[-1.05, -1.03, -1.0, -0.98, -0.96, -0.94, -0.92, -0.9, -0.88, -0.86]"
31,"[-0.91, -0.905, -0.9, -0.905, -0.91, -0.915, -0.905, -0.9, -0.905, -0.91]"
32,"[0.45, 0.46, 0.47, 0.48, 0.49, 0.47, 0.48, 0.49, 0.48, 0.49]"
33,"[0.325, 0.335, 0.345, 0.355, 0.365, 0.375, 0.385, 0.395, 0.405, 0.415]"
34,"[-0.085, -0.075, -0.065, -0.055, -0.045, -0.035, -0.025, -0.015, -0.005, 0.005]"
35,"[-1.525, -1.52, -1.515, -1.51, -1.505, -1.5, -1.495, -1.49, -1.485, -1.48]"
36,"[-1.55, -1.54, -1.53, -1.52, -1.51, -1.5, -1.49, -1.48, -1.47, -1.46]"
37,"[-1.36, -1.37, -1.38, -1.39, -1.4, -1.41, -1.42, -1.43, -1.44, -1.45]"
38,"[0.345, 0.355, 0.365, 0.375, 0.385, 0.395, 0.405, 0.415, 0.425, 0.435]"
39,"[0.65, 0.66, 0.67, 0.68, 0.69, 0.7, 0.71, 0.72, 0.73, 0.74]"
40,"[0.81, 0.805, 0.815, 0.81, 0.805, 0.81, 0.815, 0.82, 0.815, 0.82]"
41,"[-1.685, -1.652, -1.623, -1.601, -1.589, -1.577, -1.565, -1.553, -1.541, -1.529]"
42,"[0.465, 0.47, 0.475, 0.48, 0.485, 0.49, 0.495, 0.5, 0.505, 0.51]"
43,"[-1.33, -1.32, -1.31, -1.3, -1.29, -1.28, -1.27, -1.26, -1.25, -1.24]"
44,"[-0.93, -0.92, -0.91, -0.9, -0.89, -0.88, -0.87, -0.86, -0.85, -0.84]"
45,"[0.395, 0.405, 0.415, 0.425, 0.435, 0.445, 0.455, 0.465, 0.475, 0.485]"
46,"[1.02, 1.03, 1.04, 1.05, 1.06, 1.07, 1.08, 1.09, 1.1, 1.11]"
47,"[0.965, 0.975, 0.985, 0.995, 1.005, 1.015, 1.025, 1.035, 1.045, 1.055]"
48,"[-1.77, -1.76, -1.75, -1.74, -1.73, -1.72, -1.71, -1.7, -1.69, -1.68]"
49,"[1.08, 1.1, 1.12, 1.14, 1.16, 1.18, 1.2, 1.22, 1.24, 1.26]"
50,"[0.86, 0.87, 0.88, 0.89, 0.9, 0.91, 0.92, 0.93, 0.94, 0.95]"
51,"[0.445, 0.45, 0.455, 0.46, 0.465, 0.47, 0.475, 0.48, 0.485, 0.49]"
52,"[-2.08, -2.05, -2.02, -1.99, -1.96, -1.93, -1.9, -1.87, -1.84, -1.81]"
53,"[-0.29, -0.28, -0.27, -0.26, -0.25, -0.24, -0.23, -0.22, -0.21, -0.2]"
54,"[0.92, 0.93, 0.94, 0.95, 0.96, 0.97, 0.98, 0.99, 1.0, 1.01]"
55,"[0.53, 0.55, 0.57, 0.59, 0.61, 0.63, 0.65, 0.67, 0.69, 0.71]"
56,"[1.825, 1.815, 1.805, 1.8, 1.795, 1.79, 1.785, 1.78, 1.775, 1.77]"
57,"[-1.31, -1.3, -1.29, -1.28, -1.27, -1.26, -1.25, -1.24, -1.23, -1.22]"
58,"[0.65, 0.67, 0.69, 0.71, 0.73, 0.74, 0.72, 0.7, 0.72, 0.74]"
59,"[0.96, 0.97, 0.98, 0.99, 1.0, 1.01, 1.02, 1.03, 1.04, 1.05]"
60,"[-0.29, -0.28, -0.27, -0.26, -0.25, -0.24, -0.23, -0.22, -0.21, -0.2]"
61,"[0.72, 0.73, 0.71, 0.72, 0.73, 0.74, 0.72, 0.73, 0.71, 0.72]"
62,"[1.076, 1.044, 1.062, 1.206, 1.297, 1.283, 1.265, 1.247, 1.23, 1.213]"
63,"[1.55, 1.53, 1.54, 1.56, 1.57, 1.58, 1.59, 1.6, 1.61, 1.62]"
64,"[-0.7748, -0.7689, -0.763, -0.7571, -0.7512, -0.7453, -0.7394, -0.7335, -0.7276, -0.7217]"
65,"[0.5312, 0.5412, 0.5512, 0.5612, 0.5712, 0.5812, 0.5912, 0.6012, 0.6112, 0.6212]"
66,"[0.945, 0.955, 0.965, 0.975, 0.985, 0.995, 1.005, 1.015, 1.025, 1.035]"
67,"[-1.715, -1.725, -1.71, -1.715, -1.72, -1.718, -1.722, -1.719, -1.721, -1.723]"
68,"[-0.81, -0.815, -0.82, -0.825, -0.83, -0.835, -0.84, -0.845, -0.85, -0.855]"
69,"[0.315, 0.32, 0.325, 0.33, 0.335, 0.34, 0.345, 0.35, 0.355, 0.36]"
70,"[0.7059, 0.7165, 0.7271, 0.7377, 0.7483, 0.7589, 0.7695, 0.7801, 0.7907, 0.8013]"
71,"[-0.7268, -0.7168, -0.7068, -0.6968, -0.6868, -0.6768, -0.6668, -0.6568, -0.6468, -0.6368]"
72,"[0.72, 0.73, 0.74, 0.75, 0.76, 0.77, 0.78, 0.79, 0.8, 0.81]"
73,"[1.42, 1.45, 1.48, 1.47, 1.46, 1.45, 1.44, 1.43, 1.42, 1.41]"
74,"[0.64, 0.65, 0.66, 0.67, 0.68, 0.69, 0.7, 0.71, 0.72, 0.73]"
75,"[1.65, 1.68, 1.7, 1.72, 1.73, 1.74, 1.75, 1.76, 1.77, 1.78]"
76,"[-1.77, -1.76, -1.75, -1.74, -1.73, -1.72, -1.71, -1.7, -1.69, -1.68]"
77,"[0.45, 0.46, 0.47, 0.48, 0.49, 0.5, 0.51, 0.52, 0.53, 0.54]"
78,"[0.85, 0.84, 0.83, 0.82, 0.81, 0.8, 0.79, 0.78, 0.77, 0.76]"
79,"[0.51, 0.49, 0.47, 0.45, 0.43, 0.41, 0.39, 0.37, 0.35, 0.33]"
80,"[0.05, 0.07, 0.09, 0.11, 0.13, 0.15, 0.17, 0.19, 0.21, 0.23]"
81,"[-1.92, -1.91, -1.9, -1.89, -1.88, -1.87, -1.86, -1.85, -1.84, -1.83]"
82,"[1.02, 1.03, 1.04, 1.035, 1.025, 1.015, 1.02, 1.01, 1.005, 1.01]"
83,"[0.635, 0.625, 0.615, 0.605, 0.595, 0.585, 0.575, 0.565, 0.555, 0.545]"
84,"[0.85, 0.86, 0.87, 0.88, 0.89, 0.9, 0.91, 0.92, 0.93, 0.94]"
85,"[0.44, 0.42, 0.41, 0.4, 0.39, 0.38, 0.37, 0.36, 0.35, 0.34]"
86,"[-1.0, -0.995, -0.99, -0.985, -0.98, -0.975, -0.97, -0.965, -0.96, -0.955]"
87,"[0.94, 0.95, 0.93, 0.96, 0.94, 0.97, 0.95, 0.98, 0.96, 0.99]"
88,"[0.8789, 0.8789, 0.8789, 0.8789, 0.8789, 0.8789, 0.8789, 0.8789, 0.8789, 0.8789]"
89,"[-0.232, -0.228, -0.224, -0.22, -0.216, -0.212, -0.208, -0.204, -0.2, -0.196]"
90,"[-1.08, -1.07, -1.06, -1.05, -1.04, -1.03, -1.02, -1.01, -1.0, -0.99]"
91,"[0.445, 0.435, 0.44, 0.445, 0.45, 0.455, 0.46, 0.465, 0.47, 0.465]"
92,"[-1.55, -1.54, -1.53, -1.52, -1.51, -1.5, -1.49, -1.48, -1.47, -1.46]"
93,"[0.47, 0.46, 0.48, 0.49, 0.5, 0.51, 0.52, 0.53, 0.54, 0.55]"
94,"[0.66, 0.67, 0.68, 0.69, 0.7, 0.71, 0.72, 0.73, 0.74, 0.75]"
95,"[1.44, 1.45, 1.46, 1.445, 1.455, 1.465, 1.45, 1.46, 1.44, 1.45]"
96,"[1.045, 1.03, 1.04, 1.05, 1.06, 1.07, 1.08, 1.09, 1.1, 1.11]"
97,"[-1.73, -1.72, -1.71, -1.7, -1.69, -1.68, -1.67, -1.66, -1.65, -1.64]"
98,"[-1.135, -1.105, -1.125, -1.155, -1.185, -1.215, -1.245, -1.275, -1.305, -1.335]"
99,"[1.08, 1.05, 1.07, 1.1, 1.12, 1.1, 1.08, 1.1, 1.12, 1.1]"
100,"[-1.81, -1.82, -1.83, -1.84, -1.85, -1.86, -1.87, -1.88, -1.89, -1.9]"
101,"[0.95, 0.97, 1.0, 1.02, 1.05, 1.08, 1.11, 1.14, 1.17, 1.2]"
102,"[0.465, 0.47, 0.46, 0.475, 0.48, 0.485, 0.49, 0.495, 0.5, 0.505]"
103,"[1.18, 1.19, 1.2, 1.21, 1.22, 1.21, 1.2, 1.19, 1.18, 1.17]"
104,"[0.5, 0.51, 0.52, 0.53, 0.54, 0.55, 0.56, 0.57, 0.58, 0.59]"
105,"[-1.35, -1.3, -1.25, -1.2, -1.15, -1.1, -1.05, -1.0, -0.95, -0.9]"
106,"[0.005, -0.002, 0.001, -0.001, 0.002, -0.003, 0.004, -0.004, 0.005, -0.005]"
107,"[0.961, 0.975, 0.965, 0.98, 0.97, 0.985, 0.99, 0.98, 0.995, 1.0]"
108,"[0.95, 0.96, 0.97, 0.955, 0.965, 0.975, 0.96, 0.97, 0.955, 0.965]"
109,"[-1.89, -1.88, -1.87, -1.86, -1.85, -1.84, -1.83, -1.82, -1.81, -1.8]"
110,"[-1.54, -1.53, -1.52, -1.51, -1.5, -1.49, -1.48, -1.47, -1.46, -1.45]"
111,"[0.39, 0.41, 0.4, 0.38, 0.37, 0.38, 0.39, 0.4, 0.41, 0.42]"
112,"[-0.35, -0.34, -0.33, -0.32, -0.31, -0.3, -0.29, -0.28, -0.27, -0.26]"
113,"[0.7282, 0.735, 0.742, 0.749, 0.756, 0.763, 0.77, 0.777, 0.784, 0.791]"
114,"[-1.24, -1.23, -1.22, -1.21, -1.2, -1.19, -1.18, -1.17, -1.16, -1.15]"
115,"[-0.95, -0.93, -0.91, -0.89, -0.87, -0.85, -0.83, -0.81, -0.79, -0.77]"
116,"[0.46, 0.465, 0.46, 0.455, 0.46, 0.465, 0.46, 0.455, 0.46, 0.465]"
117,"[0.68, 0.67, 0.66, 0.65, 0.64, 0.63, 0.62, 0.61, 0.6, 0.59]"
118,"[0.905, 0.92, 0.91, 0.93, 0.94, 0.925, 0.91, 0.9, 0.89, 0.88]"
119,"[-1.61, -1.605, -1.6, -1.595, -1.59, -1.585, -1.58, -1.575, -1.57, -1.565]"
120,"[0.085, 0.112, 0.134, 0.145, 0.156, 0.167, 0.178, 0.189, 0.199, 0.209]"
121,"[1.38, 1.42, 1.45, 1.43, 1.41, 1.39, 1.4, 1.43, 1.45, 1.47]"
122,"[-0.81, -0.82, -0.815, -0.805, -0.81, -0.8, -0.81, -0.805, -0.815, -0.82]"
123,"[0.73, 0.74, 0.75, 0.76, 0.77, 0.78, 0.79, 0.8, 0.81, 0.82]"
124,"[-2.03, -2.02, -2.01, -2.0, -1.99, -1.98, -1.97, -1.96, -1.95, -1.94]"
125,"[-0.88, -0.86, -0.87, -0.85, -0.84, -0.83, -0.82, -0.81, -0.8, -0.79]"
126,"[-1.27, -1.26, -1.25, -1.24, -1.23, -1.22, -1.21, -1.2, -1.19, -1.18]"
127,"[-1.54, -1.53, -1.52, -1.51, -1.5, -1.49, -1.48, -1.47, -1.46, -1.45]"
128,"[-0.03, -0.025, -0.02, -0.015, -0.01, -0.005, 0.0, 0.005, 0.01, 0.015]"
129,"[0.365, 0.375, 0.385, 0.395, 0.405, 0.415, 0.425, 0.435, 0.445, 0.455]"
130,"[-2.025, -2.03, -2.035, -2.04, -2.045, -2.05, -2.055, -2.06, -2.065, -2.07]"
131,"[-1.73, -1.7, -1.68, -1.66, -1.64, -1.62, -1.6, -1.58, -1.56, -1.54]"
132,"[0.805, 0.81, 0.815, 0.82, 0.825, 0.815, 0.81, 0.805, 0.8, 0.795]"
133,"[0.41, 0.42, 0.43, 0.44, 0.45, 0.46, 0.47, 0.48, 0.49, 0.5]"
134,"[0.892, 0.885, 0.878, 0.89, 0.883, 0.875, 0.888, 0.88, 0.872, 0.885]"
135,"[0.25, 0.255, 0.26, 0.265, 0.27, 0.275, 0.28, 0.285, 0.29, 0.295]"
136,"[-1.719, -1.717, -1.715, -1.713, -1.711, -1.709, -1.707, -1.705, -1.703, -1.701]"
137,"[0.68, 0.67, 0.66, 0.67, 0.68, 0.69, 0.7, 0.69, 0.68, 0.67]"
138,"[0.89, 0.91, 0.92, 0.93, 0.94, 0.95, 0.96, 0.97, 0.98, 0.99]"
139,"[0.43, 0.44, 0.45, 0.46, 0.47, 0.48, 0.49, 0.5, 0.51, 0.52]"
140,"[-1.35, -1.34, -1.33, -1.32, -1.31, -1.3, -1.29, -1.28, -1.27, -1.26]"
141,"[1.105, 1.12, 1.135, 1.14, 1.125, 1.11, 1.12, 1.13, 1.14, 1.15]"
142,"[0.52, 0.525, 0.522, 0.528, 0.53, 0.535, 0.532, 0.538, 0.54, 0.545]"
143,"[0.34, 0.35, 0.33, 0.32, 0.31, 0.3, 0.32, 0.31, 0.3, 0.29]"
144,"[-1.33, -1.32, -1.31, -1.3, -1.29, -1.28, -1.27, -1.26, -1.25, -1.24]"
145,"[-1.715, -1.71, -1.705, -1.7, -1.695, -1.69, -1.685, -1.68, -1.675, -1.67]"
146,"[0.56, 0.57, 0.58, 0.59, 0.6, 0.61, 0.62, 0.63, 0.64, 0.65]"
147,"[0.9, 0.92, 0.95, 0.93, 0.91, 0.89, 0.87, 0.85, 0.83, 0.81]"
148,"[0.45, 0.44, 0.43, 0.42, 0.41, 0.4, 0.39, 0.38, 0.37, 0.36]"
149,"[-1.122, -1.118, -1.115, -1.112, -1.109, -1.106, -1.103, -1.1, -1.097, -1.094]"
150,"[-1.66, -1.65, -1.64, -1.63, -1.62, -1.61, -1.6, -1.59, -1.58, -1.57]"
151,"[-1.22, -1.21, -1.2, -1.19, -1.18, -1.17, -1.16, -1.15, -1.14, -1.13]"
152,"[-1.01, -1.0, -0.99, -0.98, -0.97, -0.96, -0.95, -0.94, -0.93, -0.92]"
153,"[-0.87, -0.86, -0.85, -0.84, -0.83, -0.82, -0.81, -0.8, -0.79, -0.78]"
154,"[0.385, 0.39, 0.4, 0.41, 0.42, 0.43, 0.44, 0.45, 0.46, 0.47]"
155,"[-0.7837, -0.7764, -0.7691, -0.7618, -0.7545, -0.7472, -0.7399, -0.7326, -0.7253, -0.718]"
156,"[0.85, 0.855, 0.86, 0.865, 0.87, 0.875, 0.88, 0.885, 0.89, 0.895]"
157,"[1.06, 1.08, 1.1, 1.12, 1.14, 1.16, 1.18, 1.2, 1.22, 1.24]"
158,"[0.49, 0.5, 0.51, 0.52, 0.53, 0.54, 0.55, 0.56, 0.57, 0.58]"
159,"[0.93, 0.94, 0.95, 0.96, 0.97, 0.98, 0.99, 1.0, 1.01, 1.02]"
160,"[0.55, 0.53, 0.54, 0.52, 0.53, 0.54, 0.55, 0.56, 0.57, 0.58]"
161,"[-1.05, -1.04, -1.03, -1.02, -1.01, -1.0, -0.99, -0.98, -0.97, -0.96]"
162,"[-0.775, -0.765, -0.755, -0.745, -0.735, -0.725, -0.715, -0.705, -0.695, -0.685]"
163,"[0.065, 0.075, 0.085, 0.095, 0.105, 0.115, 0.125, 0.135, 0.145, 0.155]"
164,"[-1.285, -1.27, -1.265, -1.255, -1.25, -1.245, -1.24, -1.235, -1.23, -1.225]"
165,"[0.91, 0.88, 0.89, 0.9, 0.91, 0.92, 0.93, 0.94, 0.95, 0.96]"
166,"[-0.96, -0.94, -0.92, -0.9, -0.88, -0.86, -0.84, -0.82, -0.8, -0.78]"
167,"[0.045, 0.03, -0.005, 0.01, -0.01, 0.02, -0.005, 0.01, -0.005, 0.02]"
168,"[0.87, 0.88, 0.86, 0.89, 0.87, 0.88, 0.86, 0.87, 0.88, 0.89]"
169,"[-1.77, -1.75, -1.73, -1.71, -1.69, -1.67, -1.65, -1.63, -1.61, -1.59]"
170,"[-0.898, -0.89, -0.882, -0.874, -0.866, -0.858, -0.85, -0.842, -0.834, -0.826]"
171,"[0.325, 0.33, 0.335, 0.34, 0.345, 0.35, 0.355, 0.36, 0.365, 0.37]"
172,"[0.65, 0.68, 0.71, 0.74, 0.77, 0.8, 0.83, 0.86, 0.89, 0.92]"
173,"[-0.28, -0.25, -0.22, -0.19, -0.16, -0.13, -0.1, -0.07, -0.04, -0.01]"
174,"[0.9105, 0.901, 0.915, 0.925, 0.935, 0.925, 0.915, 0.905, 0.915, 0.925]"
175,"[0.95, 0.96, 0.97, 0.98, 0.99, 1.0, 1.01, 1.02, 1.03, 1.04]"
176,"[-0.208, -0.205, -0.202, -0.199, -0.196, -0.193, -0.19, -0.187, -0.184, -0.181]"
177,"[-0.92, -0.91, -0.9, -0.89, -0.88, -0.87, -0.86, -0.85, -0.84, -0.83]"
178,"[-0.8343, -0.825, -0.816, -0.807, -0.798, -0.789, -0.78, -0.771, -0.762, -0.753]"
179,"[1.42, 1.45, 1.48, 1.46, 1.44, 1.43, 1.41, 1.4, 1.39, 1.38]"
180,"[1.475, 1.49, 1.505, 1.52, 1.535, 1.55, 1.565, 1.58, 1.595, 1.61]"
181,"[0.605, 0.61, 0.6, 0.615, 0.62, 0.61, 0.625, 0.615, 0.62, 0.625]"
182,"[0.08, 0.1, 0.12, 0.14, 0.16, 0.18, 0.2, 0.22, 0.24, 0.26]"
183,"[1.38, 1.39, 1.4, 1.41, 1.42, 1.41, 1.4, 1.39, 1.38, 1.37]"
184,"[-0.92, -0.91, -0.9, -0.89, -0.88, -0.87, -0.86, -0.85, -0.84, -0.83]"
185,"[0.84, 0.83, 0.82, 0.81, 0.8, 0.79, 0.78, 0.77, 0.76, 0.75]"
186,"[0.62, 0.63, 0.64, 0.65, 0.66, 0.67, 0.68, 0.69, 0.7, 0.71]"
187,"[0.6, 0.62, 0.64, 0.65, 0.66, 0.67, 0.68, 0.69, 0.7, 0.71]"
188,"[0.82, 0.84, 0.81, 0.79, 0.77, 0.75, 0.73, 0.71, 0.69, 0.67]"
189,"[0.95, 0.96, 0.97, 0.98, 0.99, 1.0, 1.01, 1.02, 1.03, 1.04]"
190,"[0.705, 0.715, 0.725, 0.735, 0.745, 0.755, 0.765, 0.775, 0.785, 0.795]"
191,"[0.42, 0.43, 0.44, 0.45, 0.46, 0.47, 0.48, 0.49, 0.5, 0.51]"
192,"[-1.25, -1.23, -1.21, -1.19, -1.17, -1.15, -1.13, -1.11, -1.09, -1.07]"
193,"[0.72, 0.75, 0.78, 0.76, 0.74, 0.77, 0.79, 0.78, 0.81, 0.83]"
194,"[1.175, 1.203, 1.182, 1.224, 1.245, 1.213, 1.234, 1.256, 1.278, 1.299]"
195,"[1.232, 1.22, 1.21, 1.2, 1.19, 1.18, 1.17, 1.16, 1.15, 1.14]"
196,"[-1.542, -1.538, -1.534, -1.53, -1.526, -1.522, -1.518, -1.514, -1.51, -1.506]"
197,"[-1.78, -1.77, -1.76, -1.75, -1.74, -1.73, -1.72, -1.71, -1.7, -1.69]"
198,"[0.295, 0.29, 0.285, 0.28, 0.275, 0.27, 0.265, 0.26, 0.255, 0.25]"
199,"[0.74, 0.75, 0.76, 0.77, 0.78, 0.79, 0.8, 0.81, 0.82, 0.83]"
200,"[-1.805, -1.79, -1.775, -1.76, -1.745, -1.73, -1.715, -1.7, -1.685, -1.67]"
201,"[0.71, 0.73, 0.75, 0.77, 0.79, 0.81, 0.83, 0.85, 0.87, 0.89]"
202,"[-2.02, -2.01, -2.0, -1.99, -1.98, -1.97, -1.96, -1.95, -1.94, -1.93]"
203,"[-1.62, -1.63, -1.64, -1.65, -1.66, -1.67, -1.68, -1.69, -1.7, -1.71]"
204,"[-1.4, -1.39, -1.38, -1.37, -1.36, -1.35, -1.34, -1.33, -1.32, -1.31]"
205,"[0.87, 0.865, 0.86, 0.855, 0.85, 0.845, 0.84, 0.835, 0.83, 0.825]"
206,"[0.46, 0.47, 0.48, 0.49, 0.5, 0.51, 0.52, 0.53, 0.54, 0.55]"
207,"[-0.05, -0.04, -0.03, -0.02, -0.01, 0.0, 0.01, 0.02, 0.03, 0.04]"
208,"[0.505, 0.51, 0.515, 0.505, 0.52, 0.51, 0.505, 0.515, 0.52, 0.51]"
209,"[0.055, 0.075, 0.045, 0.065, 0.085, 0.095, 0.075, 0.065, 0.055, 0.045]"
210,"[1.095, 1.105, 1.115, 1.125, 1.135, 1.145, 1.155, 1.165, 1.175, 1.185]"
211,"[0.785, 0.788, 0.79, 0.785, 0.78, 0.775, 0.77, 0.765, 0.76, 0.755]"
212,"[0.585, 0.587, 0.59, 0.593, 0.596, 0.599, 0.602, 0.605, 0.608, 0.611]"
213,"[0.405, 0.412, 0.42, 0.428, 0.435, 0.442, 0.448, 0.455, 0.462, 0.468]"
214,"[0.785, 0.802, 0.819, 0.836, 0.853, 0.87, 0.887, 0.904, 0.921, 0.938]"
215,"[0.46, 0.465, 0.47, 0.475, 0.48, 0.485, 0.49, 0.495, 0.5, 0.505]"
216,"[-0.2, -0.21, -0.22, -0.23, -0.24, -0.22, -0.23, -0.24, -0.25, -0.23]"
217,"[-0.6388, -0.589, -0.549, -0.509, -0.469, -0.429, -0.389, -0.349, -0.309, -0.269]"
218,"[0.375, 0.377, 0.379, 0.381, 0.383, 0.385, 0.387, 0.389, 0.391, 0.393]"
219,"[0.37, 0.36, 0.35, 0.34, 0.33, 0.32, 0.31, 0.3, 0.29, 0.28]"
220,"[-1.125, -1.12, -1.115, -1.11, -1.105, -1.1, -1.095, -1.09, -1.085, -1.08]"
221,"[0.425, 0.435, 0.445, 0.455, 0.465, 0.475, 0.485, 0.495, 0.505, 0.515]"
222,"[-0.47, -0.45, -0.43, -0.41, -0.39, -0.37, -0.35, -0.33, -0.31, -0.29]"
223,"[0.845, 0.855, 0.865, 0.875, 0.885, 0.895, 0.905, 0.915, 0.925, 0.935]"
224,"[-0.32, -0.31, -0.3, -0.29, -0.28, -0.27, -0.26, -0.25, -0.24, -0.23]"
225,"[-1.08, -1.07, -1.06, -1.05, -1.04, -1.03, -1.02, -1.01, -1.0, -0.99]"
226,"[0.22, 0.23, 0.24, 0.25, 0.26, 0.27, 0.28, 0.29, 0.3, 0.31]"
227,"[-1.41, -1.4, -1.39, -1.38, -1.37, -1.36, -1.35, -1.34, -1.33, -1.32]"
228,"[0.62, 0.63, 0.64, 0.65, 0.66, 0.67, 0.68, 0.69, 0.7, 0.71]"
229,"[-0.95, -0.92, -0.89, -0.86, -0.83, -0.8, -0.77, -0.74, -0.71, -0.68]"
230,"[0.315, 0.32, 0.325, 0.33, 0.335, 0.34, 0.345, 0.35, 0.355, 0.36]"
231,"[0.465, 0.455, 0.445, 0.435, 0.425, 0.415, 0.405, 0.395, 0.385, 0.375]"
232,"[-0.775, -0.774, -0.773, -0.772, -0.771, -0.77, -0.769, -0.768, -0.767, -0.766]"
233,"[0.47, 0.48, 0.46, 0.49, 0.48, 0.47, 0.49, 0.48, 0.47, 0.48]"
234,"[-0.25, -0.245, -0.24, -0.235, -0.23, -0.225, -0.22, -0.215, -0.21, -0.205]"
235,"[-0.52, -0.51, -0.5, -0.49, -0.48, -0.47, -0.46, -0.45, -0.44, -0.43]"
236,"[-0.3454, -0.3408, -0.3362, -0.3316, -0.327, -0.3224, -0.3178, -0.3132, -0.3086, -0.304]"
237,"[0.885, 0.89, 0.895, 0.9, 0.905, 0.91, 0.915, 0.92, 0.915, 0.91]"
238,"[-0.097, -0.088, -0.079, -0.07, -0.061, -0.052, -0.043, -0.034, -0.025, -0.016]"
239,"[0.88, 0.885, 0.89, 0.895, 0.89, 0.885, 0.88, 0.875, 0.87, 0.875]"
240,"[-1.13, -1.11, -1.09, -1.07, -1.05, -1.03, -1.01, -0.99, -0.97, -0.95]"
241,"[0.95, 0.97, 1.0, 1.02, 1.04, 1.06, 1.08, 1.1, 1.12, 1.14]"
242,"[0.15, 0.16, 0.17, 0.18, 0.19, 0.2, 0.21, 0.22, 0.23, 0.24]"
243,"[-1.85, -1.83, -1.81, -1.79, -1.77, -1.75, -1.73, -1.71, -1.69, -1.67]"
244,"[1.65, 1.64, 1.63, 1.62, 1.63, 1.64, 1.65, 1.66, 1.67, 1.68]"
245,"[-1.84, -1.835, -1.83, -1.825, -1.82, -1.815, -1.81, -1.805, -1.8, -1.795]"
246,"[0.605, 0.6, 0.61, 0.615, 0.62, 0.625, 0.63, 0.635, 0.64, 0.645]"
247,"[0.505, 0.512, 0.52, 0.525, 0.53, 0.535, 0.54, 0.545, 0.55, 0.555]"
248,"[-0.36, -0.35, -0.34, -0.33, -0.32, -0.31, -0.3, -0.29, -0.28, -0.27]"
249,"[-1.72, -1.71, -1.7, -1.69, -1.68, -1.67, -1.66, -1.65, -1.64, -1.63]"
250,"[-1.235, -1.225, -1.215, -1.205, -1.195, -1.185, -1.175, -1.165, -1.155, -1.145]"
251,"[0.9, 0.91, 0.92, 0.93, 0.94, 0.95, 0.96, 0.97, 0.98, 0.99]"
252,"[-1.998, -2.01, -2.015, -2.02, -2.018, -2.015, -2.01, -2.015, -2.02, -2.018]"
253,"[-2.074, -2.059, -2.044, -2.029, -2.014, -1.999, -1.984, -1.969, -1.954, -1.939]"
254,"[-0.42, -0.41, -0.4, -0.39, -0.38, -0.37, -0.36, -0.35, -0.34, -0.33]"
255,"[-1.82, -1.81, -1.8, -1.79, -1.78, -1.77, -1.76, -1.75, -1.74, -1.73]"
256,"[1.05, 1.07, 1.09, 1.11, 1.13, 1.15, 1.17, 1.19, 1.21, 1.23]"
257,"[0.95, 0.93, 0.94, 0.96, 0.97, 0.98, 0.99, 1.0, 0.99, 0.98]"
258,"[0.55, 0.54, 0.53, 0.54, 0.55, 0.56, 0.57, 0.58, 0.59, 0.6]"
259,"[0.56, 0.57, 0.58, 0.59, 0.6, 0.61, 0.62, 0.63, 0.64, 0.65]"
260,"[0.85, 0.86, 0.87, 0.88, 0.89, 0.9, 0.91, 0.92, 0.93, 0.94]"
261,"[0.53, 0.54, 0.55, 0.56, 0.57, 0.58, 0.59, 0.6, 0.61, 0.62]"
262,"[0.89, 0.91, 0.92, 0.9, 0.93, 0.94, 0.95, 0.92, 0.93, 0.94]"
263,"[0.3436, 0.3436, 0.3436, 0.3436, 0.3436, 0.3436, 0.3436, 0.3436, 0.3436, 0.3436]"
264,"[0.97, 0.975, 0.98, 0.985, 0.99, 0.995, 1.0, 1.005, 1.01, 1.015]"
265,"[0.7766, 0.7722, 0.7688, 0.7654, 0.762, 0.7586, 0.7552, 0.7518, 0.7484, 0.745]"
266,"[1.03, 1.05, 1.07, 1.08, 1.09, 1.1, 1.11, 1.12, 1.13, 1.14]"
267,"[-1.02, -1.01, -1.0, -0.99, -0.98, -0.97, -0.96, -0.95, -0.94, -0.93]"
268,"[-0.305, -0.302, -0.3, -0.298, -0.296, -0.294, -0.292, -0.29, -0.288, -0.286]"
269,"[-0.845, -0.835, -0.825, -0.815, -0.805, -0.795, -0.785, -0.775, -0.765, -0.755]"
270,"[0.75, 0.76, 0.77, 0.78, 0.79, 0.8, 0.81, 0.82, 0.83, 0.84]"
271,"[0.75, 0.72, 0.7, 0.68, 0.66, 0.64, 0.62, 0.6, 0.58, 0.56]"
272,"[-2.05, -2.03, -2.01, -2.0, -1.98, -1.96, -1.94, -1.92, -1.9, -1.88]"
273,"[-1.71, -1.72, -1.73, -1.74, -1.75, -1.76, -1.77, -1.78, -1.79, -1.8]"
274,"[-0.21, -0.205, -0.2, -0.195, -0.19, -0.185, -0.18, -0.175, -0.17, -0.165]"
275,"[-0.8248, -0.8148, -0.8048, -0.7948, -0.7848, -0.7748, -0.7648, -0.7548, -0.7448, -0.7348]"
276,"[0.25, 0.25, 0.25, 0.25, 0.25, 0.25, 0.25, 0.25, 0.25, 0.25]"
277,"[0.88, 0.9, 0.92, 0.94, 0.96, 0.98, 1.0, 1.02, 1.04, 1.06]"
278,"[-1.75, -1.74, -1.73, -1.72, -1.71, -1.7, -1.69, -1.68, -1.67, -1.66]"
279,"[-1.115, -1.11, -1.105, -1.1, -1.095, -1.09, -1.085, -1.08, -1.075, -1.07]"
280,"[0.675, 0.685, 0.695, 0.705, 0.715, 0.725, 0.735, 0.745, 0.755, 0.765]"
281,"[0.905, 0.908, 0.902, 0.907, 0.903, 0.909, 0.904, 0.906, 0.901, 0.908]"
282,"[-0.005, -0.003, -0.001, 0.001, 0.003, 0.005, 0.007, 0.009, 0.011, 0.013]"
283,"[1.05, 1.07, 1.09, 1.11, 1.13, 1.15, 1.17, 1.19, 1.21, 1.23]"
284,"[-0.97, -0.95, -0.93, -0.91, -0.89, -0.87, -0.85, -0.83, -0.81, -0.79]"
285,"[-1.065, -1.03, -1.005, -0.98, -0.955, -0.93, -0.905, -0.88, -0.855, -0.83]"
286,"[0.56, 0.57, 0.58, 0.59, 0.6, 0.61, 0.62, 0.63, 0.64, 0.65]"
287,"[-0.505, -0.495, -0.485, -0.475, -0.465, -0.455, -0.445, -0.435, -0.425, -0.415]"
288,"[0.525, 0.526, 0.527, 0.528, 0.529, 0.53, 0.531, 0.532, 0.533, 0.534]"
289,"[0.65, 0.66, 0.64, 0.67, 0.68, 0.69, 0.67, 0.68, 0.66, 0.69]"
290,"[-1.005, -0.99, -0.975, -0.96, -0.945, -0.93, -0.915, -0.9, -0.885, -0.87]"
291,"[0.24, 0.25, 0.26, 0.27, 0.28, 0.29, 0.3, 0.31, 0.32, 0.33]"
292,"[-1.78, -1.77, -1.76, -1.75, -1.74, -1.73, -1.72, -1.71, -1.7, -1.69]"
293,"[0.65, 0.66, 0.67, 0.68, 0.69, 0.7, 0.71, 0.72, 0.73, 0.74]"
294,"[1.51, 1.52, 1.53, 1.54, 1.55, 1.56, 1.57, 1.58, 1.59, 1.6]"
295,"[0.685, 0.67, 0.68, 0.69, 0.71, 0.72, 0.73, 0.74, 0.75, 0.76]"
296,"[1.36, 1.37, 1.38, 1.39, 1.4, 1.41, 1.42, 1.43, 1.44, 1.45]"
297,"[0.45, 0.43, 0.42, 0.41, 0.4, 0.39, 0.38, 0.37, 0.36, 0.35]"
298,"[1.237, 1.254, 1.258, 1.295, 1.351, 1.286, 1.302, 1.319, 1.336, 1.353]"
299,"[0.605, 0.61, 0.615, 0.62, 0.625, 0.63, 0.635, 0.64, 0.645, 0.65]"
300,"[0.62, 0.61, 0.62, 0.63, 0.64, 0.65, 0.66, 0.67, 0.68, 0.69]"
301,"[-0.4744, -0.4623, -0.4502, -0.4381, -0.426, -0.4139, -0.4018, -0.3897, -0.3776, -0.3655]"
302,"[-0.97, -0.975, -0.965, -0.96, -0.955, -0.95, -0.945, -0.94, -0.935, -0.93]"
303,"[0.97, 0.95, 0.96, 0.98, 1.0, 0.99, 1.01, 1.02, 1.03, 1.04]"
304,"[0.65, 0.63, 0.62, 0.61, 0.6, 0.59, 0.58, 0.57, 0.56, 0.55]"
305,"[1.51, 1.52, 1.53, 1.54, 1.55, 1.56, 1.57, 1.58, 1.59, 1.6]"
306,"[0.625, 0.63, 0.635, 0.64, 0.645, 0.65, 0.655, 0.66, 0.665, 0.67]"
307,"[0.335, 0.34, 0.345, 0.34, 0.335, 0.33, 0.325, 0.32, 0.315, 0.31]"
308,"[0.54, 0.56, 0.53, 0.55, 0.52, 0.57, 0.54, 0.58, 0.53, 0.56]"
309,"[0.78, 0.81, 0.84, 0.86, 0.88, 0.9, 0.92, 0.93, 0.94, 0.95]"
310,"[-0.3, -0.29, -0.28, -0.27, -0.26, -0.25, -0.24, -0.23, -0.22, -0.21]"
311,"[-0.49, -0.48, -0.47, -0.46, -0.45, -0.44, -0.43, -0.42, -0.41, -0.4]"
312,"[0.505, 0.51, 0.508, 0.515, 0.52, 0.525, 0.522, 0.528, 0.53, 0.535]"
313,"[-1.2, -1.18, -1.16, -1.14, -1.12, -1.1, -1.08, -1.06, -1.04, -1.02]"
314,"[1.65, 1.66, 1.67, 1.68, 1.69, 1.7, 1.69, 1.68, 1.67, 1.66]"
315,"[-0.55, -0.52, -0.49, -0.46, -0.43, -0.4, -0.37, -0.34, -0.31, -0.28]"
316,"[0.46, 0.465, 0.47, 0.475, 0.48, 0.485, 0.49, 0.495, 0.5, 0.505]"
317,"[-0.27, -0.265, -0.26, -0.255, -0.25, -0.245, -0.24, -0.235, -0.23, -0.225]"
318,"[-0.5991, -0.5991, -0.5991, -0.5991, -0.5991, -0.5991, -0.5991, -0.5991, -0.5991, -0.5991]"
319,"[0.89, 0.9, 0.91, 0.92, 0.93, 0.94, 0.95, 0.96, 0.97, 0.98]"
320,"[-1.97, -1.98, -1.99, -2.0, -2.01, -2.02, -2.03, -2.04, -2.05, -2.06]"
321,"[1.595, 1.605, 1.61, 1.605, 1.615, 1.62, 1.615, 1.62, 1.625, 1.63]"
322,"[-0.95, -0.93, -0.91, -0.89, -0.87, -0.85, -0.83, -0.81, -0.79, -0.77]"
323,"[-1.74, -1.73, -1.72, -1.71, -1.7, -1.69, -1.68, -1.67, -1.66, -1.65]"
324,"[1.18, 1.19, 1.2, 1.21, 1.22, 1.23, 1.24, 1.25, 1.26, 1.27]"
325,"[-1.145, -1.135, -1.125, -1.115, -1.105, -1.095, -1.085, -1.075, -1.065, -1.055]"
326,"[0.58, 0.62, 0.65, 0.68, 0.71, 0.74, 0.77, 0.8, 0.83, 0.86]"
327,"[0.945, 0.92, 0.96, 0.93, 0.97, 0.95, 0.98, 0.94, 1.01, 0.99]"
328,"[0.155, 0.16, 0.165, 0.17, 0.175, 0.18, 0.185, 0.19, 0.195, 0.2]"
329,"[1.65, 1.72, 1.78, 1.85, 1.92, 1.98, 2.05, 2.12, 2.19, 2.26]"
330,"[0.95, 0.96, 0.97, 0.98, 0.99, 1.0, 1.01, 1.02, 1.03, 1.04]"
331,"[0.625, 0.628, 0.63, 0.627, 0.629, 0.631, 0.632, 0.63, 0.628, 0.63]"
332,"[-1.76, -1.74, -1.72, -1.7, -1.68, -1.66, -1.64, -1.62, -1.6, -1.58]"
333,"[-1.564, -1.564, -1.564, -1.564, -1.564, -1.564, -1.564, -1.564, -1.564, -1.564]"
334,"[-1.9, -1.88, -1.86, -1.84, -1.82, -1.8, -1.78, -1.76, -1.74, -1.72]"
335,"[-1.22, -1.21, -1.2, -1.19, -1.18, -1.17, -1.16, -1.15, -1.14, -1.13]"
336,"[-1.81, -1.8, -1.79, -1.78, -1.77, -1.76, -1.75, -1.74, -1.73, -1.72]"
337,"[0.38, 0.385, 0.39, 0.395, 0.4, 0.405, 0.41, 0.415, 0.42, 0.425]"
338,"[0.485, 0.49, 0.505, 0.51, 0.52, 0.53, 0.54, 0.55, 0.56, 0.57]"
339,"[-1.57, -1.55, -1.53, -1.51, -1.49, -1.47, -1.45, -1.43, -1.41, -1.39]"
340,"[0.65, 0.67, 0.69, 0.71, 0.73, 0.75, 0.77, 0.79, 0.81, 0.83]"
341,"[0.53, 0.54, 0.55, 0.56, 0.57, 0.58, 0.59, 0.6, 0.61, 0.62]"
342,"[0.575, 0.572, 0.568, 0.565, 0.562, 0.559, 0.556, 0.553, 0.55, 0.547]"
343,"[0.65, 0.67, 0.66, 0.68, 0.69, 0.7, 0.71, 0.72, 0.73, 0.74]"
344,"[0.9, 0.91, 0.92, 0.93, 0.94, 0.95, 0.96, 0.97, 0.98, 0.99]"
345,"[0.28, 0.29, 0.3, 0.295, 0.285, 0.275, 0.285, 0.295, 0.3, 0.31]"
346,"[-1.39, -1.37, -1.35, -1.33, -1.31, -1.29, -1.27, -1.25, -1.23, -1.21]"
347,"[0.42, 0.44, 0.46, 0.48, 0.5, 0.52, 0.54, 0.56, 0.58, 0.6]"
348,"[1.34, 1.32, 1.31, 1.3, 1.29, 1.28, 1.27, 1.26, 1.25, 1.24]"
349,"[-0.79, -0.78, -0.77, -0.76, -0.75, -0.74, -0.73, -0.72, -0.71, -0.7]"
350,"[0.85, 0.87, 0.89, 0.91, 0.93, 0.95, 0.97, 0.99, 1.01, 1.03]"
351,"[-0.9258, -0.9158, -0.9058, -0.8958, -0.8858, -0.8758, -0.8658, -0.8558, -0.8458, -0.8358]"
352,"[0.15, 0.155, 0.16, 0.165, 0.17, 0.175, 0.18, 0.185, 0.19, 0.195]"
353,"[0.56, 0.565, 0.57, 0.575, 0.58, 0.585, 0.59, 0.595, 0.6, 0.605]"
354,"[1.01, 1.02, 1.03, 1.04, 1.05, 1.06, 1.07, 1.08, 1.09, 1.1]"
355,"[0.72, 0.73, 0.74, 0.75, 0.76, 0.77, 0.78, 0.79, 0.8, 0.81]"
356,"[0.4954, 0.4889, 0.4824, 0.4759, 0.4694, 0.4629, 0.4564, 0.4499, 0.4434, 0.4369]"
357,"[-0.89, -0.88, -0.87, -0.86, -0.85, -0.84, -0.83, -0.82, -0.81, -0.8]"
358,"[1.35, 1.37, 1.39, 1.41, 1.43, 1.45, 1.47, 1.49, 1.51, 1.53]"
359,"[-1.428, -1.428, -1.428, -1.428, -1.428, -1.428, -1.428, -1.428, -1.428, -1.428]"
360,"[0.425, 0.415, 0.435, 0.425, 0.435, 0.425, 0.415, 0.435, 0.425, 0.415]"
361,"[1.08, 1.1, 1.12, 1.13, 1.14, 1.15, 1.16, 1.17, 1.18, 1.19]"
362,"[0.55, 0.56, 0.57, 0.58, 0.59, 0.6, 0.61, 0.62, 0.63, 0.64]"
363,"[0.8433, 0.835, 0.827, 0.82, 0.813, 0.806, 0.8, 0.805, 0.81, 0.815]"
364,"[-0.93, -0.92, -0.91, -0.9, -0.89, -0.88, -0.87, -0.86, -0.85, -0.84]"
365,"[0.565, 0.575, 0.585, 0.575, 0.565, 0.555, 0.545, 0.535, 0.525, 0.535]"
366,"[0.238, 0.245, 0.252, 0.259, 0.266, 0.273, 0.28, 0.287, 0.294, 0.299]"
367,"[1.24, 1.25, 1.26, 1.27, 1.28, 1.29, 1.3, 1.31, 1.32, 1.33]"
368,"[-0.895, -0.89, -0.885, -0.88, -0.875, -0.87, -0.865, -0.86, -0.855, -0.85]"
369,"[0.93, 0.95, 0.97, 0.96, 0.98, 0.99, 1.01, 1.02, 1.03, 1.04]"
370,"[1.67, 1.66, 1.65, 1.64, 1.63, 1.62, 1.61, 1.6, 1.61, 1.62]"
371,"[0.495, 0.485, 0.475, 0.485, 0.495, 0.505, 0.515, 0.505, 0.495, 0.485]"
372,"[-1.305, -1.3, -1.305, -1.3, -1.305, -1.3, -1.305, -1.3, -1.305, -1.3]"
373,"[1.38, 1.37, 1.36, 1.35, 1.34, 1.35, 1.36, 1.37, 1.38, 1.39]"
374,"[0.8164, 0.8264, 0.8364, 0.8464, 0.8564, 0.8464, 0.8364, 0.8264, 0.8164, 0.8064]"
375,"[-1.75, -1.74, -1.73, -1.72, -1.71, -1.7, -1.69, -1.68, -1.67, -1.66]"
376,"[0.88, 0.87, 0.89, 0.88, 0.9, 0.89, 0.91, 0.9, 0.92, 0.91]"
377,"[0.68, 0.7, 0.69, 0.71, 0.72, 0.73, 0.74, 0.75, 0.76, 0.77]"
378,"[0.51, 0.52, 0.53, 0.54, 0.55, 0.56, 0.57, 0.58, 0.59, 0.6]"
379,"[-0.245, -0.243, -0.241, -0.239, -0.237, -0.235, -0.233, -0.231, -0.229, -0.227]"
380,"[1.05, 1.06, 1.07, 1.08, 1.09, 1.1, 1.11, 1.12, 1.13, 1.14]"
381,"[1.465, 1.45, 1.47, 1.48, 1.49, 1.5, 1.51, 1.52, 1.53, 1.54]"
382,"[-0.05, -0.045, -0.04, -0.035, -0.03, -0.025, -0.02, -0.015, -0.01, -0.005]"
383,"[0.86, 0.87, 0.88, 0.89, 0.9, 0.91, 0.92, 0.93, 0.94, 0.95]"
384,"[1.02, 1.03, 1.01, 1.04, 1.05, 1.06, 1.07, 1.08, 1.09, 1.1]"
385,"[0.775, 0.785, 0.795, 0.805, 0.815, 0.825, 0.835, 0.845, 0.855, 0.865]"
386,"[-0.885, -0.88, -0.875, -0.87, -0.865, -0.86, -0.855, -0.85, -0.845, -0.84]"
387,"[-1.28, -1.27, -1.26, -1.25, -1.24, -1.23, -1.22, -1.21, -1.2, -1.19]"
388,"[0.83, 0.835, 0.84, 0.845, 0.85, 0.855, 0.86, 0.865, 0.87, 0.875]"
389,"[-1.05, -1.03, -1.01, -1.0, -0.99, -0.98, -0.97, -0.96, -0.95, -0.94]"
390,"[0.68, 0.69, 0.7, 0.71, 0.72, 0.73, 0.74, 0.75, 0.76, 0.77]"
391,"[-1.56, -1.54, -1.52, -1.5, -1.48, -1.46, -1.44, -1.42, -1.4, -1.38]"
392,"[-0.195, -0.185, -0.175, -0.165, -0.155, -0.145, -0.135, -0.125, -0.115, -0.105]"
393,"[0.64, 0.65, 0.66, 0.67, 0.68, 0.69, 0.7, 0.69, 0.68, 0.67]"
394,"[0.45, 0.46, 0.47, 0.48, 0.49, 0.5, 0.51, 0.52, 0.53, 0.54]"
395,"[1.495, 1.485, 1.475, 1.485, 1.495, 1.505, 1.515, 1.525, 1.535, 1.545]"
396,"[0.085, 0.112, 0.139, 0.166, 0.193, 0.22, 0.247, 0.274, 0.299, 0.326]"
397,"[-0.005, -0.003, -0.001, 0.001, 0.003, 0.005, 0.007, 0.009, 0.011, 0.013]"
398,"[1.09, 1.1, 1.11, 1.12, 1.13, 1.14, 1.15, 1.16, 1.17, 1.18]"
399,"[-0.98, -0.95, -0.92, -0.89, -0.86, -0.83, -0.8, -0.77, -0.74, -0.71]"
400,"[-1.34, -1.33, -1.32, -1.31, -1.3, -1.29, -1.28, -1.27, -1.26, -1.25]"
401,"[-1.415, -1.405, -1.395, -1.385, -1.375, -1.365, -1.355, -1.345, -1.335, -1.325]"
402,"[0.45, 0.46, 0.47, 0.48, 0.49, 0.5, 0.51, 0.52, 0.53, 0.54]"
403,"[-1.527, -1.523, -1.519, -1.515, -1.511, -1.507, -1.503, -1.499, -1.495, -1.491]"
404,"[0.625, 0.63, 0.635, 0.64, 0.645, 0.65, 0.655, 0.66, 0.665, 0.67]"
405,"[-1.25, -1.23, -1.22, -1.21, -1.2, -1.19, -1.18, -1.17, -1.16, -1.15]"
406,"[-0.97, -0.95, -0.93, -0.94, -0.92, -0.91, -0.9, -0.92, -0.91, -0.9]"
407,"[0.96, 0.965, 0.97, 0.975, 0.98, 0.985, 0.99, 0.995, 1.0, 1.005]"
408,"[0.65, 0.66, 0.67, 0.68, 0.69, 0.7, 0.71, 0.72, 0.73, 0.74]"
409,"[0.91, 0.92, 0.93, 0.94, 0.95, 0.96, 0.97, 0.98, 0.99, 1.0]"
410,"[1.07, 1.08, 1.09, 1.1, 1.11, 1.12, 1.13, 1.14, 1.15, 1.16]"
411,"[0.38, 0.39, 0.4, 0.41, 0.42, 0.43, 0.44, 0.45, 0.46, 0.47]"
412,"[0.987, 0.987, 0.987, 0.987, 0.987, 0.987, 0.987, 0.987, 0.987, 0.987]"
413,"[0.585, 0.588, 0.591, 0.594, 0.597, 0.6, 0.603, 0.606, 0.609, 0.612]"
414,"[-0.2114, -0.2114, -0.2114, -0.2114, -0.2114, -0.2114, -0.2114, -0.2114, -0.2114, -0.2114]"
415,"[0.42, 0.43, 0.44, 0.45, 0.46, 0.47, 0.48, 0.49, 0.5, 0.51]"
416,"[-0.87, -0.85, -0.86, -0.84, -0.83, -0.82, -0.81, -0.8, -0.79, -0.78]"
417,"[0.565, 0.575, 0.585, 0.595, 0.605, 0.615, 0.625, 0.635, 0.645, 0.655]"
418,"[0.72, 0.71, 0.7, 0.69, 0.68, 0.67, 0.66, 0.65, 0.64, 0.63]"
419,"[0.405, 0.42, 0.43, 0.44, 0.45, 0.46, 0.47, 0.48, 0.49, 0.5]"
420,"[-0.525, -0.53, -0.535, -0.54, -0.545, -0.55, -0.555, -0.56, -0.565, -0.57]"
421,"[0.525, 0.515, 0.51, 0.515, 0.52, 0.525, 0.51, 0.515, 0.52, 0.525]"
422,"[0.88, 0.885, 0.89, 0.895, 0.9, 0.905, 0.91, 0.915, 0.92, 0.925]"
423,"[-1.005, -0.99, -0.975, -0.96, -0.945, -0.93, -0.915, -0.9, -0.885, -0.87]"
424,"[-1.38, -1.39, -1.4, -1.41, -1.42, -1.43, -1.44, -1.45, -1.46, -1.47]"
425,"[0.345, 0.35, 0.355, 0.36, 0.365, 0.37, 0.375, 0.38, 0.385, 0.39]"
426,"[0.525, 0.515, 0.505, 0.51, 0.515, 0.52, 0.525, 0.53, 0.535, 0.54]"
427,"[-1.68, -1.65, -1.67, -1.65, -1.63, -1.61, -1.6, -1.58, -1.57, -1.56]"
428,"[-0.045, -0.05, -0.055, -0.06, -0.065, -0.07, -0.075, -0.08, -0.085, -0.09]"
429,"[0.39, 0.4, 0.41, 0.42, 0.43, 0.44, 0.45, 0.46, 0.47, 0.48]"
430,"[0.544, 0.538, 0.532, 0.526, 0.52, 0.514, 0.508, 0.502, 0.496, 0.49]"
431,"[-1.24, -1.23, -1.22, -1.21, -1.2, -1.19, -1.18, -1.17, -1.16, -1.15]"
432,"[0.94, 0.95, 0.96, 0.97, 0.98, 0.99, 1.0, 1.01, 1.02, 1.03]"
433,"[0.99, 1.005, 1.02, 1.035, 1.05, 1.065, 1.08, 1.095, 1.11, 1.125]"
434,"[-0.802, -0.815, -0.808, -0.82, -0.812, -0.825, -0.818, -0.83, -0.823, -0.835]"
435,"[-0.5033, -0.4989, -0.4945, -0.4901, -0.4857, -0.4813, -0.4769, -0.4725, -0.4681, -0.4637]"
436,"[0.95, 0.98, 1.01, 1.03, 1.05, 1.07, 1.09, 1.11, 1.13, 1.15]"
437,"[1.32, 1.31, 1.3, 1.29, 1.28, 1.27, 1.26, 1.25, 1.24, 1.23]"
438,"[0.57, 0.575, 0.58, 0.585, 0.59, 0.595, 0.6, 0.595, 0.59, 0.585]"
439,"[0.85, 0.83, 0.84, 0.86, 0.85, 0.87, 0.86, 0.88, 0.87, 0.89]"
440,"[-0.02, -0.01, -0.005, 0.005, 0.01, 0.015, 0.02, 0.025, 0.03, 0.035]"
441,"[-0.34, -0.335, -0.33, -0.325, -0.32, -0.315, -0.31, -0.305, -0.3, -0.295]"
442,"[-1.323, -1.315, -1.307, -1.309, -1.311, -1.313, -1.315, -1.317, -1.319, -1.321]"
443,"[-1.68, -1.67, -1.66, -1.65, -1.64, -1.63, -1.62, -1.61, -1.6, -1.59]"
444,"[0.64, 0.65, 0.66, 0.67, 0.68, 0.69, 0.7, 0.71, 0.72, 0.73]"
445,"[0.65, 0.66, 0.67, 0.68, 0.69, 0.7, 0.71, 0.72, 0.73, 0.74]"
446,"[-1.25, -1.24, -1.23, -1.22, -1.21, -1.2, -1.19, -1.18, -1.17, -1.16]"
447,"[-1.5, -1.49, -1.48, -1.47, -1.46, -1.45, -1.44, -1.43, -1.42, -1.41]"
448,"[-1.45, -1.43, -1.41, -1.39, -1.37, -1.35, -1.33, -1.31, -1.29, -1.27]"
449,"[1.362, 1.358, 1.355, 1.352, 1.349, 1.346, 1.343, 1.34, 1.337, 1.334]"
450,"[-1.85, -1.85, -1.85, -1.85, -1.85, -1.85, -1.85, -1.85, -1.85, -1.85]"
451,"[-0.35, -0.355, -0.36, -0.365, -0.37, -0.375, -0.38, -0.385, -0.39, -0.395]"
452,"[-1.35, -1.32, -1.29, -1.26, -1.23, -1.2, -1.17, -1.14, -1.11, -1.08]"
453,"[0.88, 0.89, 0.9, 0.91, 0.92, 0.93, 0.94, 0.95, 0.96, 0.97]"
454,"[0.62, 0.63, 0.64, 0.65, 0.66, 0.65, 0.64, 0.63, 0.62, 0.61]"
455,"[0.95, 0.97, 1.0, 1.02, 1.04, 1.06, 1.08, 1.1, 1.12, 1.14]"
456,"[0.26, 0.27, 0.28, 0.29, 0.3, 0.31, 0.32, 0.33, 0.34, 0.35]"
457,"[0.405, 0.415, 0.425, 0.41, 0.4, 0.39, 0.38, 0.37, 0.36, 0.35]"
458,"[0.34, 0.35, 0.36, 0.37, 0.38, 0.39, 0.4, 0.41, 0.42, 0.43]"
459,"[0.88, 0.89, 0.9, 0.91, 0.92, 0.93, 0.94, 0.95, 0.96, 0.97]"
460,"[0.37, 0.375, 0.38, 0.385, 0.39, 0.395, 0.4, 0.405, 0.41, 0.415]"
461,"[-1.01, -0.98, -0.95, -0.92, -0.89, -0.86, -0.83, -0.8, -0.77, -0.74]"
462,"[-0.78, -0.77, -0.76, -0.75, -0.74, -0.73, -0.72, -0.71, -0.7, -0.69]"
463,"[0.52, 0.53, 0.54, 0.55, 0.56, 0.57, 0.58, 0.59, 0.6, 0.61]"
464,"[0.505, 0.502, 0.508, 0.51, 0.515, 0.512, 0.518, 0.52, 0.525, 0.522]"
465,"[1.25, 1.26, 1.27, 1.28, 1.29, 1.3, 1.31, 1.32, 1.33, 1.34]"
466,"[0.675, 0.68, 0.665, 0.67, 0.685, 0.69, 0.7, 0.71, 0.72, 0.73]"
467,"[-1.88, -1.86, -1.84, -1.82, -1.8, -1.78, -1.76, -1.74, -1.72, -1.7]"
468,"[0.53, 0.54, 0.55, 0.56, 0.57, 0.58, 0.59, 0.6, 0.61, 0.62]"
469,"[-0.25, -0.24, -0.23, -0.22, -0.21, -0.2, -0.19, -0.18, -0.17, -0.16]"
470,"[0.505, 0.495, 0.485, 0.475, 0.465, 0.455, 0.445, 0.435, 0.425, 0.415]"
471,"[0.96, 0.97, 0.98, 0.99, 1.0, 1.01, 1.02, 1.03, 1.04, 1.05]"
472,"[-1.52, -1.51, -1.5, -1.49, -1.48, -1.47, -1.46, -1.45, -1.44, -1.43]"
473,"[0.89, 0.87, 0.88, 0.895, 0.9, 0.89, 0.88, 0.875, 0.885, 0.89]"
474,"[-1.98, -2.01, -2.03, -2.05, -2.06, -2.07, -2.08, -2.09, -2.1, -2.11]"
475,"[0.31, 0.32, 0.33, 0.34, 0.35, 0.36, 0.37, 0.38, 0.39, 0.4]"
476,"[0.4569, 0.4533, 0.4503, 0.4569, 0.4613, 0.4569, 0.4533, 0.4503, 0.4569, 0.4613]"
477,"[0.225, 0.23, 0.235, 0.24, 0.245, 0.25, 0.255, 0.26, 0.265, 0.27]"
478,"[0.725, 0.73, 0.74, 0.75, 0.76, 0.77, 0.78, 0.79, 0.8, 0.81]"
479,"[0.68, 0.69, 0.7, 0.71, 0.72, 0.73, 0.74, 0.75, 0.76, 0.77]"
480,"[1.2, 1.25, 1.3, 1.28, 1.27, 1.26, 1.25, 1.24, 1.23, 1.22]"
481,"[-1.24, -1.24, -1.24, -1.24, -1.24, -1.24, -1.24, -1.24, -1.24, -1.24]"
482,"[0.38, 0.39, 0.4, 0.41, 0.42, 0.43, 0.44, 0.45, 0.46, 0.47]"
483,"[0.55, 0.56, 0.57, 0.56, 0.54, 0.55, 0.56, 0.57, 0.58, 0.59]"
484,"[0.95, 0.97, 0.99, 1.01, 1.03, 1.05, 1.07, 1.09, 1.11, 1.13]"
485,"[0.37, 0.38, 0.39, 0.4, 0.41, 0.42, 0.43, 0.44, 0.45, 0.46]"
486,"[1.25, 1.27, 1.26, 1.24, 1.23, 1.22, 1.21, 1.2, 1.19, 1.18]"
487,"[0.865, 0.885, 0.875, 0.895, 0.885, 0.905, 0.895, 0.915, 0.905, 0.925]"
488,"[-2.0, -2.0, -2.0, -2.0, -2.0, -2.0, -2.0, -2.0, -2.0, -2.0]"
489,"[-0.5163, -0.5131, -0.5025, -0.4927, -0.4841, -0.4765, -0.4698, -0.464, -0.4589, -0.4547]"
490,"[-1.75, -1.73, -1.71, -1.69, -1.67, -1.65, -1.63, -1.61, -1.59, -1.57]"
491,"[0.53, 0.52, 0.53, 0.54, 0.55, 0.56, 0.57, 0.58, 0.59, 0.6]"
492,"[-1.16, -1.155, -1.15, -1.145, -1.14, -1.135, -1.13, -1.125, -1.12, -1.115]"
493,"[0.33, 0.32, 0.34, 0.35, 0.33, 0.32, 0.34, 0.33, 0.32, 0.31]"
494,"[-0.33, -0.32, -0.34, -0.33, -0.32, -0.33, -0.34, -0.33, -0.32, -0.33]"
495,"[0.835, 0.84, 0.845, 0.85, 0.855, 0.86, 0.865, 0.87, 0.875, 0.88]"
496,"[-0.485, -0.49, -0.5, -0.51, -0.52, -0.53, -0.54, -0.55, -0.56, -0.57]"
497,"[0.578, 0.575, 0.58, 0.585, 0.59, 0.595, 0.6, 0.605, 0.61, 0.615]"
498,"[1.352, 1.355, 1.358, 1.36, 1.362, 1.364, 1.365, 1.366, 1.367, 1.368]"
499,"[0.415, 0.42, 0.425, 0.428, 0.43, 0.432, 0.435, 0.437, 0.439, 0.441]"
500,"[0.75, 0.74, 0.73, 0.72, 0.71, 0.7, 0.69, 0.68, 0.67, 0.66]"
501,"[0.96, 0.97, 0.98, 0.99, 1.0, 1.01, 1.02, 1.03, 1.04, 1.05]"
502,"[0.105, 0.12, 0.11, 0.105, 0.11, 0.115, 0.12, 0.115, 0.12, 0.115]"
503,"[-1.84, -1.83, -1.82, -1.81, -1.8, -1.79, -1.78, -1.77, -1.76, -1.75]"
504,"[0.512, 0.528, 0.544, 0.56, 0.576, 0.592, 0.608, 0.624, 0.64, 0.656]"
505,"[0.95, 0.96, 0.94, 0.93, 0.92, 0.91, 0.9, 0.91, 0.9, 0.89]"
506,"[0.46, 0.45, 0.44, 0.43, 0.42, 0.41, 0.42, 0.43, 0.44, 0.45]"
507,"[-0.28, -0.25, -0.22, -0.19, -0.16, -0.13, -0.1, -0.07, -0.04, -0.01]"
508,"[0.5551, 0.5789, 0.6491, 0.6128, 0.5551, 0.6762, 0.5789, 0.6491, 0.6128, 0.5551]"
509,"[0.3172, 0.3055, 0.2948, 0.2841, 0.2734, 0.2627, 0.252, 0.2413, 0.2306, 0.22]"
510,"[0.15, 0.16, 0.17, 0.18, 0.19, 0.2, 0.21, 0.22, 0.23, 0.24]"
511,"[-1.73, -1.71, -1.69, -1.67, -1.65, -1.63, -1.61, -1.59, -1.57, -1.55]"
512,"[-1.83, -1.81, -1.79, -1.77, -1.75, -1.73, -1.71, -1.69, -1.67, -1.65]"
513,"[1.45, 1.47, 1.46, 1.44, 1.43, 1.42, 1.41, 1.4, 1.39, 1.38]"
514,"[0.63, 0.625, 0.635, 0.64, 0.632, 0.628, 0.638, 0.635, 0.63, 0.625]"
515,"[0.065, 0.05, 0.03, -0.005, -0.02, -0.01, 0.01, 0.02, 0.03, 0.04]"
516,"[0.58, 0.6, 0.62, 0.63, 0.64, 0.65, 0.66, 0.67, 0.68, 0.69]"
517,"[-0.345, -0.335, -0.325, -0.315, -0.305, -0.295, -0.285, -0.275, -0.265, -0.255]"
518,"[-0.84, -0.83, -0.82, -0.81, -0.8, -0.79, -0.78, -0.77, -0.76, -0.75]"
519,"[-0.82, -0.81, -0.8, -0.79, -0.78, -0.77, -0.76, -0.75, -0.74, -0.73]"
520,"[-1.25, -1.24, -1.23, -1.22, -1.21, -1.2, -1.19, -1.18, -1.17, -1.16]"
521,"[-1.778, -1.778, -1.778, -1.778, -1.778, -1.778, -1.778, -1.778, -1.778, -1.778]"
522,"[-1.66, -1.65, -1.64, -1.63, -1.62, -1.61, -1.6, -1.59, -1.58, -1.57]"
523,"[0.96, 0.97, 0.98, 0.97, 0.96, 0.95, 0.94, 0.93, 0.92, 0.91]"
524,"[0.445, 0.45, 0.455, 0.46, 0.465, 0.47, 0.475, 0.48, 0.485, 0.49]"
525,"[0.46, 0.47, 0.48, 0.49, 0.5, 0.51, 0.52, 0.53, 0.54, 0.55]"
526,"[0.46, 0.47, 0.48, 0.49, 0.485, 0.475, 0.48, 0.485, 0.49, 0.48]"
527,"[-0.31, -0.29, -0.27, -0.25, -0.23, -0.21, -0.19, -0.17, -0.15, -0.13]"
528,"[0.75, 0.77, 0.79, 0.81, 0.83, 0.85, 0.87, 0.89, 0.91, 0.93]"
529,"[0.485, 0.49, 0.495, 0.5, 0.505, 0.51, 0.515, 0.52, 0.525, 0.53]"
530,"[-0.06, -0.055, -0.05, -0.045, -0.04, -0.035, -0.03, -0.025, -0.02, -0.015]"
531,"[-1.34, -1.33, -1.32, -1.31, -1.3, -1.29, -1.28, -1.27, -1.26, -1.25]"
532,"[1.005, 1.02, 1.035, 1.05, 1.065, 1.08, 1.095, 1.11, 1.125, 1.14]"
533,"[0.81, 0.805, 0.815, 0.82, 0.818, 0.825, 0.83, 0.828, 0.835, 0.84]"
534,"[-1.74, -1.73, -1.72, -1.71, -1.7, -1.69, -1.68, -1.67, -1.66, -1.65]"
535,"[0.95, 0.96, 0.97, 0.98, 0.99, 1.0, 1.01, 1.02, 1.03, 1.04]"
536,"[0.92, 0.91, 0.93, 0.92, 0.91, 0.94, 0.93, 0.92, 0.95, 0.94]"
537,"[0.24, 0.25, 0.26, 0.27, 0.28, 0.29, 0.3, 0.31, 0.32, 0.33]"
538,"[-0.47, -0.46, -0.45, -0.44, -0.43, -0.42, -0.41, -0.4, -0.39, -0.38]"
539,"[-1.76, -1.75, -1.74, -1.73, -1.72, -1.71, -1.7, -1.69, -1.68, -1.67]"
540,"[-1.75, -1.73, -1.71, -1.69, -1.67, -1.65, -1.63, -1.61, -1.59, -1.57]"
541,"[0.1, 0.12, 0.15, 0.18, 0.2, 0.22, 0.25, 0.28, 0.3, 0.32]"
542,"[1.01, 1.02, 1.03, 1.04, 1.05, 1.06, 1.07, 1.08, 1.09, 1.1]"
543,"[-1.845, -1.85, -1.835, -1.825, -1.815, -1.805, -1.795, -1.785, -1.775, -1.765]"
544,"[0.412, 0.415, 0.418, 0.421, 0.424, 0.426, 0.428, 0.43, 0.432, 0.434]"
545,"[-1.77, -1.76, -1.75, -1.74, -1.73, -1.72, -1.71, -1.7, -1.69, -1.68]"
546,"[0.54, 0.55, 0.53, 0.54, 0.55, 0.56, 0.54, 0.55, 0.56, 0.57]"
547,"[0.86, 0.87, 0.88, 0.89, 0.9, 0.91, 0.92, 0.93, 0.94, 0.95]"
548,"[0.6, 0.62, 0.64, 0.65, 0.66, 0.67, 0.68, 0.69, 0.7, 0.71]"
549,"[0.585, 0.58, 0.575, 0.57, 0.565, 0.56, 0.565, 0.57, 0.575, 0.58]"
550,"[-0.09, -0.08, -0.07, -0.06, -0.05, -0.04, -0.03, -0.02, -0.01, 0.0]"
551,"[0.33, 0.34, 0.35, 0.36, 0.37, 0.38, 0.39, 0.4, 0.41, 0.42]"
552,"[0.725, 0.73, 0.72, 0.715, 0.705, 0.71, 0.7, 0.695, 0.69, 0.685]"
553,"[0.875, 0.86, 0.87, 0.88, 0.89, 0.88, 0.87, 0.86, 0.85, 0.86]"
554,"[-0.8543, -0.8467, -0.8391, -0.8315, -0.8239, -0.8163, -0.8087, -0.8011, -0.7935, -0.7859]"
555,"[-0.5658, -0.5658, -0.5658, -0.5658, -0.5658, -0.5658, -0.5658, -0.5658, -0.5658, -0.5658]"
556,"[-0.85, -0.84, -0.83, -0.82, -0.81, -0.8, -0.79, -0.78, -0.77, -0.76]"
557,"[-0.785, -0.775, -0.765, -0.755, -0.745, -0.735, -0.725, -0.715, -0.705, -0.695]"
558,"[-1.77, -1.75, -1.73, -1.72, -1.71, -1.7, -1.69, -1.68, -1.67, -1.66]"
559,"[-0.295, -0.28, -0.265, -0.25, -0.235, -0.22, -0.205, -0.19, -0.175, -0.16]"
560,"[1.61, 1.59, 1.6, 1.62, 1.63, 1.64, 1.65, 1.64, 1.63, 1.62]"
561,"[-0.015, -0.01, -0.005, -0.002, 0.001, 0.004, 0.007, 0.009, 0.011, 0.013]"
562,"[-0.24, -0.235, -0.23, -0.225, -0.22, -0.215, -0.21, -0.205, -0.2, -0.195]"
563,"[0.87, 0.88, 0.89, 0.9, 0.91, 0.92, 0.93, 0.94, 0.95, 0.96]"
564,"[0.605, 0.62, 0.63, 0.61, 0.625, 0.635, 0.64, 0.62, 0.63, 0.64]"
565,"[0.84, 0.85, 0.86, 0.87, 0.88, 0.89, 0.9, 0.91, 0.92, 0.93]"
566,"[0.275, 0.28, 0.285, 0.29, 0.295, 0.3, 0.305, 0.31, 0.315, 0.32]"
567,"[-1.25, -1.24, -1.23, -1.22, -1.21, -1.2, -1.19, -1.18, -1.17, -1.16]"
568,"[-0.2038, -0.2015, -0.1992, -0.1969, -0.1946, -0.1923, -0.19, -0.1877, -0.1854, -0.1831]"
569,"[-1.75, -1.73, -1.71, -1.69, -1.67, -1.65, -1.63, -1.61, -1.59, -1.57]"
570,"[-0.3317, -0.3293, -0.3269, -0.3245, -0.3221, -0.3197, -0.3173, -0.3149, -0.3125, -0.3101]"
571,"[0.512, 0.523, 0.534, 0.545, 0.556, 0.567, 0.578, 0.589, 0.59, 0.601]"
572,"[-0.894, -0.892, -0.888, -0.885, -0.882, -0.879, -0.876, -0.873, -0.87, -0.867]"
573,"[-1.76, -1.75, -1.74, -1.73, -1.72, -1.71, -1.7, -1.69, -1.68, -1.67]"
574,"[0.62, 0.63, 0.64, 0.65, 0.66, 0.67, 0.68, 0.69, 0.7, 0.71]"
575,"[0.62, 0.625, 0.63, 0.635, 0.64, 0.645, 0.65, 0.655, 0.66, 0.665]"
576,"[0.645, 0.65, 0.655, 0.66, 0.658, 0.655, 0.652, 0.648, 0.645, 0.642]"
577,"[-1.765, -1.755, -1.745, -1.735, -1.725, -1.715, -1.705, -1.695, -1.685, -1.675]"
578,"[0.48, 0.49, 0.5, 0.51, 0.52, 0.53, 0.54, 0.55, 0.56, 0.57]"
579,"[0.66, 0.67, 0.68, 0.69, 0.7, 0.71, 0.72, 0.73, 0.74, 0.75]"
580,"[0.325, 0.31, 0.305, 0.3, 0.295, 0.29, 0.285, 0.28, 0.275, 0.27]"
581,"[-1.165, -1.145, -1.125, -1.105, -1.085, -1.065, -1.045, -1.025, -1.005, -0.985]"
582,"[-0.915, -0.905, -0.902, -0.901, -0.9, -0.898, -0.896, -0.895, -0.894, -0.893]"
583,"[1.145, 1.155, 1.165, 1.175, 1.185, 1.195, 1.205, 1.215, 1.225, 1.235]"
584,"[0.505, 0.51, 0.515, 0.52, 0.525, 0.53, 0.535, 0.54, 0.545, 0.55]"
585,"[0.78, 0.79, 0.81, 0.82, 0.83, 0.81, 0.8, 0.79, 0.78, 0.77]"
586,"[-1.82, -1.81, -1.8, -1.79, -1.78, -1.77, -1.76, -1.75, -1.74, -1.73]"
587,"[0.68, 0.685, 0.69, 0.695, 0.7, 0.705, 0.71, 0.715, 0.72, 0.725]"
588,"[0.42, 0.41, 0.43, 0.44, 0.45, 0.46, 0.47, 0.48, 0.49, 0.5]"
589,"[0.225, 0.22, 0.215, 0.21, 0.205, 0.2, 0.195, 0.19, 0.185, 0.18]"
590,"[-1.25, -1.23, -1.21, -1.19, -1.17, -1.15, -1.13, -1.11, -1.09, -1.07]"
591,"[-0.6071, -0.5971, -0.5871, -0.5771, -0.5671, -0.5571, -0.5471, -0.5371, -0.5271, -0.5171]"
592,"[0.505, 0.495, 0.515, 0.525, 0.535, 0.545, 0.555, 0.565, 0.575, 0.585]"
593,"[1.58, 1.57, 1.56, 1.55, 1.54, 1.53, 1.52, 1.51, 1.5, 1.49]"
594,"[0.805, 0.81, 0.802, 0.808, 0.815, 0.82, 0.818, 0.825, 0.83, 0.835]"
595,"[-0.269, -0.265, -0.261, -0.257, -0.253, -0.249, -0.245, -0.241, -0.237, -0.233]"
596,"[0.6, 0.62, 0.64, 0.66, 0.68, 0.7, 0.72, 0.74, 0.76, 0.78]"
597,"[0.475, 0.485, 0.495, 0.48, 0.465, 0.45, 0.435, 0.42, 0.405, 0.39]"
598,"[1.09, 1.11, 1.08, 1.1, 1.09, 1.12, 1.07, 1.11, 1.08, 1.1]"
599,"[0.75, 0.76, 0.77, 0.78, 0.79, 0.8, 0.81, 0.82, 0.83, 0.84]"
600,"[0.95, 0.96, 0.97, 0.98, 0.99, 1.0, 1.01, 1.02, 1.03, 1.04]"
601,"[0.75, 0.755, 0.76, 0.765, 0.77, 0.775, 0.78, 0.785, 0.79, 0.795]"
602,"[-0.4121, -0.4314, -0.4507, -0.4699, -0.4892, -0.5084, -0.5276, -0.5468, -0.566, -0.5852]"
603,"[0.31, 0.35, 0.38, 0.4, 0.42, 0.43, 0.44, 0.45, 0.46, 0.47]"
604,"[0.36, 0.37, 0.38, 0.39, 0.4, 0.41, 0.42, 0.43, 0.44, 0.45]"
605,"[-0.61, -0.605, -0.6, -0.595, -0.59, -0.585, -0.58, -0.575, -0.57, -0.565]"
606,"[-1.2, -1.19, -1.18, -1.17, -1.16, -1.15, -1.14, -1.13, -1.12, -1.11]"
607,"[0.725, 0.715, 0.705, 0.695, 0.685, 0.675, 0.665, 0.655, 0.645, 0.635]"
608,"[0.5873, 0.578, 0.582, 0.585, 0.588, 0.59, 0.592, 0.594, 0.596, 0.598]"
609,"[0.65, 0.64, 0.63, 0.62, 0.61, 0.6, 0.59, 0.58, 0.57, 0.56]"
610,"[-0.305, -0.285, -0.265, -0.245, -0.225, -0.205, -0.185, -0.165, -0.145, -0.125]"
611,"[-0.845, -0.835, -0.825, -0.815, -0.805, -0.795, -0.785, -0.775, -0.765, -0.755]"
612,"[0.54, 0.55, 0.56, 0.57, 0.58, 0.59, 0.57, 0.58, 0.59, 0.6]"
613,"[0.85, 0.86, 0.87, 0.88, 0.89, 0.9, 0.91, 0.92, 0.93, 0.94]"
614,"[0.82, 0.83, 0.81, 0.82, 0.83, 0.81, 0.82, 0.83, 0.81, 0.82]"
615,"[-0.94, -0.93, -0.92, -0.91, -0.9, -0.89, -0.88, -0.87, -0.86, -0.85]"
616,"[0.57, 0.58, 0.59, 0.6, 0.61, 0.62, 0.63, 0.64, 0.65, 0.66]"
617,"[0.62, 0.64, 0.66, 0.68, 0.7, 0.72, 0.74, 0.76, 0.78, 0.8]"
618,"[1.305, 1.332, 1.359, 1.386, 1.413, 1.44, 1.467, 1.494, 1.521, 1.548]"
619,"[-0.98, -0.97, -0.96, -0.95, -0.94, -0.93, -0.92, -0.91, -0.9, -0.89]"
620,"[0.87, 0.88, 0.89, 0.88, 0.87, 0.86, 0.85, 0.84, 0.83, 0.82]"
621,"[0.95, 0.96, 0.97, 0.98, 0.99, 1.0, 1.01, 1.02, 1.03, 1.04]"
622,"[-1.33, -1.32, -1.31, -1.3, -1.29, -1.28, -1.27, -1.26, -1.25, -1.24]"
623,"[-1.8, -1.78, -1.76, -1.74, -1.72, -1.7, -1.68, -1.66, -1.64, -1.62]"
624,"[0.465, 0.47, 0.46, 0.465, 0.475, 0.48, 0.475, 0.485, 0.49, 0.495]"
625,"[-1.22, -1.21, -1.2, -1.19, -1.18, -1.17, -1.16, -1.15, -1.14, -1.13]"
626,"[-1.785, -1.78, -1.775, -1.77, -1.765, -1.76, -1.755, -1.75, -1.745, -1.74]"
627,"[1.405, 1.425, 1.445, 1.465, 1.485, 1.505, 1.525, 1.545, 1.565, 1.585]"
628,"[0.772, 0.778, 0.784, 0.79, 0.796, 0.802, 0.808, 0.814, 0.82, 0.826]"
629,"[0.685, 0.675, 0.68, 0.67, 0.675, 0.68, 0.685, 0.69, 0.695, 0.7]"
630,"[0.08, 0.09, 0.1, 0.11, 0.12, 0.11, 0.1, 0.09, 0.08, 0.07]"
631,"[0.82, 0.84, 0.85, 0.83, 0.81, 0.8, 0.82, 0.83, 0.84, 0.85]"
632,"[0.54, 0.545, 0.55, 0.555, 0.56, 0.565, 0.57, 0.575, 0.58, 0.585]"
633,"[0.5, 0.51, 0.52, 0.53, 0.54, 0.55, 0.56, 0.57, 0.58, 0.59]"
634,"[0.46, 0.48, 0.5, 0.52, 0.54, 0.56, 0.58, 0.6, 0.62, 0.64]"
635,"[1.22, 1.21, 1.2, 1.21, 1.22, 1.23, 1.24, 1.25, 1.26, 1.27]"
636,"[-0.875, -0.865, -0.855, -0.845, -0.835, -0.825, -0.815, -0.805, -0.795, -0.785]"
637,"[-1.29, -1.28, -1.27, -1.26, -1.25, -1.24, -1.23, -1.22, -1.21, -1.2]"
638,"[0.53, 0.525, 0.515, 0.51, 0.515, 0.52, 0.525, 0.53, 0.535, 0.54]"
639,"[0.88, 0.89, 0.9, 0.91, 0.92, 0.93, 0.94, 0.95, 0.96, 0.97]"
640,"[0.78, 0.8, 0.82, 0.84, 0.86, 0.88, 0.9, 0.92, 0.94, 0.96]"
641,"[0.78, 0.79, 0.8, 0.81, 0.82, 0.83, 0.84, 0.85, 0.86, 0.87]"
642,"[0.75, 0.755, 0.745, 0.74, 0.745, 0.75, 0.745, 0.74, 0.745, 0.75]"
643,"[1.097, 1.125, 1.143, 1.151, 1.159, 1.167, 1.175, 1.183, 1.191, 1.199]"
644,"[0.35, 0.36, 0.37, 0.38, 0.39, 0.4, 0.41, 0.42, 0.43, 0.44]"
645,"[-1.87, -1.86, -1.85, -1.84, -1.83, -1.82, -1.81, -1.8, -1.79, -1.78]"
646,"[1.06, 1.08, 1.1, 1.12, 1.14, 1.16, 1.18, 1.2, 1.22, 1.24]"
647,"[-0.245, -0.235, -0.225, -0.215, -0.205, -0.195, -0.185, -0.175, -0.165, -0.155]"
648,"[0.49, 0.5, 0.51, 0.52, 0.515, 0.505, 0.51, 0.52, 0.51, 0.5]"
649,"[-0.07, -0.06, -0.05, -0.04, -0.03, -0.02, -0.01, 0.0, 0.01, 0.02]"
650,"[-0.82, -0.81, -0.8, -0.79, -0.78, -0.77, -0.76, -0.75, -0.74, -0.73]"
651,"[0.395, 0.41, 0.42, 0.43, 0.44, 0.45, 0.46, 0.47, 0.48, 0.49]"
652,"[-1.92, -1.91, -1.93, -1.92, -1.91, -1.9, -1.92, -1.91, -1.9, -1.92]"
653,"[0.76, 0.75, 0.74, 0.73, 0.72, 0.71, 0.7, 0.71, 0.72, 0.73]"
654,"[1.45, 1.46, 1.47, 1.48, 1.49, 1.5, 1.51, 1.52, 1.53, 1.54]"
655,"[0.47, 0.46, 0.45, 0.44, 0.43, 0.42, 0.41, 0.4, 0.39, 0.38]"
656,"[-0.295, -0.28, -0.265, -0.25, -0.235, -0.22, -0.205, -0.19, -0.175, -0.16]"
657,"[0.93, 0.94, 0.95, 0.96, 0.97, 0.98, 0.99, 1.0, 1.01, 1.02]"
658,"[-0.62, -0.625, -0.63, -0.635, -0.63, -0.625, -0.62, -0.615, -0.61, -0.605]"
659,"[-0.04, -0.03, -0.02, -0.01, 0.0, 0.01, 0.02, 0.03, 0.04, 0.05]"
660,"[1.019, 1.035, 1.051, 1.067, 1.083, 1.099, 1.115, 1.131, 1.147, 1.163]"
661,"[-1.835, -1.825, -1.815, -1.805, -1.795, -1.785, -1.775, -1.765, -1.755, -1.745]"
662,"[1.48, 1.47, 1.46, 1.45, 1.44, 1.43, 1.42, 1.41, 1.4, 1.39]"
663,"[-0.23, -0.22, -0.21, -0.2, -0.19, -0.18, -0.17, -0.16, -0.15, -0.14]"
664,"[0.385, 0.39, 0.395, 0.39, 0.385, 0.38, 0.385, 0.39, 0.395, 0.4]"
665,"[0.56, 0.57, 0.58, 0.59, 0.6, 0.59, 0.58, 0.57, 0.56, 0.55]"
666,"[0.93, 0.94, 0.95, 0.96, 0.97, 0.98, 0.99, 1.0, 1.01, 1.02]"
667,"[-1.28, -1.26, -1.24, -1.22, -1.2, -1.18, -1.16, -1.14, -1.12, -1.1]"
668,"[0.89, 0.9, 0.91, 0.92, 0.93, 0.92, 0.91, 0.9, 0.91, 0.92]"
669,"[0.75, 0.745, 0.76, 0.765, 0.77, 0.775, 0.78, 0.785, 0.79, 0.795]"
670,"[0.51, 0.52, 0.515, 0.53, 0.525, 0.52, 0.535, 0.53, 0.52, 0.525]"
671,"[0.685, 0.68, 0.675, 0.67, 0.665, 0.66, 0.655, 0.65, 0.645, 0.64]"
672,"[-1.77, -1.76, -1.75, -1.74, -1.73, -1.72, -1.71, -1.7, -1.69, -1.68]"
673,"[-0.93, -0.91, -0.9, -0.89, -0.88, -0.87, -0.86, -0.85, -0.84, -0.83]"
674,"[-0.57, -0.55, -0.54, -0.53, -0.52, -0.51, -0.5, -0.49, -0.48, -0.47]"
675,"[1.55, 1.57, 1.58, 1.59, 1.6, 1.61, 1.62, 1.63, 1.64, 1.65]"
676,"[-0.53, -0.52, -0.51, -0.5, -0.49, -0.48, -0.47, -0.46, -0.45, -0.44]"
677,"[-0.78, -0.75, -0.72, -0.69, -0.66, -0.63, -0.6, -0.57, -0.54, -0.51]"
678,"[0.77, 0.78, 0.79, 0.8, 0.81, 0.82, 0.83, 0.84, 0.85, 0.86]"
679,"[0.41, 0.42, 0.43, 0.44, 0.45, 0.46, 0.47, 0.48, 0.49, 0.5]"
680,"[-1.56, -1.55, -1.54, -1.53, -1.52, -1.51, -1.5, -1.49, -1.48, -1.47]"
681,"[-1.275, -1.265, -1.255, -1.245, -1.235, -1.225, -1.215, -1.205, -1.195, -1.185]"
682,"[-0.86, -0.85, -0.84, -0.83, -0.82, -0.81, -0.8, -0.79, -0.78, -0.77]"
683,"[-0.94, -0.93, -0.92, -0.91, -0.9, -0.89, -0.88, -0.87, -0.86, -0.85]"
684,"[0.705, 0.695, 0.685, 0.69, 0.695, 0.7, 0.705, 0.71, 0.715, 0.72]"
685,"[0.42, 0.4, 0.41, 0.42, 0.43, 0.44, 0.45, 0.46, 0.47, 0.48]"
686,"[-0.35, -0.34, -0.33, -0.32, -0.31, -0.3, -0.29, -0.28, -0.27, -0.26]"
687,"[-0.25, -0.24, -0.23, -0.22, -0.21, -0.2, -0.19, -0.18, -0.17, -0.16]"
688,"[0.785, 0.775, 0.79, 0.805, 0.82, 0.83, 0.84, 0.85, 0.86, 0.87]"
689,"[0.44, 0.445, 0.45, 0.455, 0.46, 0.465, 0.47, 0.475, 0.48, 0.485]"
690,"[0.51, 0.52, 0.53, 0.54, 0.55, 0.56, 0.57, 0.58, 0.59, 0.6]"
691,"[1.22, 1.23, 1.24, 1.25, 1.26, 1.27, 1.28, 1.29, 1.3, 1.31]"
692,"[-1.285, -1.28, -1.285, -1.275, -1.27, -1.265, -1.27, -1.275, -1.28, -1.285]"
693,"[0.95, 0.93, 0.91, 0.89, 0.87, 0.85, 0.83, 0.81, 0.79, 0.77]"
694,"[0.45, 0.455, 0.46, 0.465, 0.47, 0.475, 0.48, 0.485, 0.49, 0.495]"
695,"[0.46, 0.47, 0.48, 0.49, 0.5, 0.51, 0.52, 0.53, 0.54, 0.55]"
696,"[-0.095, -0.085, -0.075, -0.065, -0.055, -0.045, -0.035, -0.025, -0.015, -0.005]"
697,"[-0.15, -0.145, -0.14, -0.135, -0.13, -0.125, -0.12, -0.115, -0.11, -0.105]"
698,"[0.495, 0.505, 0.515, 0.525, 0.535, 0.545, 0.555, 0.565, 0.575, 0.585]"
699,"[0.71, 0.715, 0.72, 0.725, 0.72, 0.715, 0.71, 0.715, 0.72, 0.725]"
700,"[0.585, 0.578, 0.565, 0.555, 0.545, 0.535, 0.525, 0.515, 0.505, 0.495]"
701,"[0.405, 0.39, 0.385, 0.375, 0.365, 0.355, 0.345, 0.335, 0.325, 0.315]"
702,"[1.358, 1.375, 1.392, 1.409, 1.426, 1.443, 1.46, 1.477, 1.494, 1.511]"
703,"[1.125, 1.15, 1.175, 1.2, 1.225, 1.25, 1.275, 1.3, 1.325, 1.35]"
704,"[-1.84, -1.85, -1.86, -1.87, -1.88, -1.89, -1.9, -1.91, -1.92, -1.93]"
705,"[-1.92, -1.91, -1.9, -1.89, -1.88, -1.87, -1.86, -1.85, -1.84, -1.83]"
706,"[0.465, 0.475, 0.46, 0.445, 0.43, 0.425, 0.415, 0.42, 0.43, 0.44]"
707,"[0.5899, 0.5899, 0.5899, 0.5899, 0.5899, 0.5899, 0.5899, 0.5899, 0.5899, 0.5899]"
708,"[0.93, 0.92, 0.93, 0.94, 0.95, 0.96, 0.97, 0.98, 0.99, 1.0]"
709,"[0.63, 0.635, 0.64, 0.645, 0.65, 0.655, 0.66, 0.665, 0.67, 0.675]"
710,"[-0.85, -0.84, -0.85, -0.84, -0.83, -0.82, -0.83, -0.82, -0.81, -0.8]"
711,"[0.49, 0.495, 0.49, 0.495, 0.5, 0.505, 0.5, 0.505, 0.51, 0.515]"
712,"[0.415, 0.42, 0.425, 0.43, 0.435, 0.44, 0.445, 0.45, 0.455, 0.46]"
713,"[0.65, 0.68, 0.71, 0.74, 0.76, 0.78, 0.8, 0.82, 0.84, 0.86]"
714,"[1.45, 1.47, 1.48, 1.49, 1.5, 1.51, 1.52, 1.53, 1.54, 1.55]"
715,"[1.665, 1.663, 1.661, 1.66, 1.659, 1.66, 1.661, 1.662, 1.663, 1.664]"
716,"[0.49, 0.495, 0.485, 0.49, 0.48, 0.485, 0.495, 0.485, 0.49, 0.485]"
717,"[0.87, 0.88, 0.89, 0.9, 0.91, 0.92, 0.93, 0.94, 0.95, 0.96]"
718,"[-0.92, -0.91, -0.9, -0.89, -0.88, -0.87, -0.86, -0.85, -0.84, -0.83]"
719,"[0.425, 0.44, 0.45, 0.46, 0.47, 0.48, 0.49, 0.5, 0.51, 0.52]"
720,"[0.32, 0.34, 0.36, 0.38, 0.4, 0.42, 0.44, 0.46, 0.48, 0.5]"
721,"[0.83, 0.84, 0.85, 0.86, 0.87, 0.88, 0.89, 0.9, 0.91, 0.92]"
722,"[-0.785, -0.778, -0.772, -0.766, -0.76, -0.755, -0.75, -0.745, -0.74, -0.735]"
723,"[0.725, 0.715, 0.705, 0.71, 0.715, 0.72, 0.725, 0.73, 0.735, 0.74]"
724,"[-1.775, -1.782, -1.788, -1.795, -1.802, -1.809, -1.816, -1.823, -1.83, -1.837]"
725,"[-1.21, -1.19, -1.17, -1.15, -1.13, -1.11, -1.09, -1.07, -1.05, -1.03]"
726,"[0.465, 0.455, 0.46, 0.465, 0.47, 0.475, 0.48, 0.485, 0.49, 0.495]"
727,"[-2.079, -2.05, -2.02, -1.99, -1.96, -1.93, -1.9, -1.87, -1.84, -1.81]"
728,"[1.07, 1.12, 1.15, 1.18, 1.21, 1.24, 1.26, 1.28, 1.3, 1.32]"
729,"[-1.23, -1.22, -1.21, -1.2, -1.19, -1.18, -1.17, -1.16, -1.15, -1.14]"
730,"[-1.2, -1.18, -1.16, -1.14, -1.12, -1.1, -1.08, -1.06, -1.04, -1.02]"
731,"[0.84, 0.85, 0.86, 0.87, 0.88, 0.89, 0.9, 0.91, 0.92, 0.93]"
732,"[-1.05, -1.03, -1.02, -1.01, -1.0, -0.99, -0.98, -0.97, -0.96, -0.95]"
733,"[-0.81, -0.79, -0.77, -0.75, -0.73, -0.71, -0.69, -0.67, -0.65, -0.63]"
734,"[-2.14, -2.13, -2.12, -2.11, -2.1, -2.09, -2.08, -2.07, -2.06, -2.05]"
735,"[-0.05, -0.04, -0.03, -0.02, -0.01, 0.0, 0.01, 0.02, 0.03, 0.04]"
736,"[-1.285, -1.28, -1.275, -1.27, -1.265, -1.26, -1.255, -1.25, -1.245, -1.24]"
737,"[-1.11, -1.105, -1.102, -1.1, -1.098, -1.096, -1.095, -1.094, -1.093, -1.092]"
738,"[-1.73, -1.72, -1.71, -1.7, -1.69, -1.68, -1.67, -1.66, -1.65, -1.64]"
739,"[0.6, 0.61, 0.62, 0.63, 0.64, 0.65, 0.66, 0.67, 0.68, 0.69]"
740,"[0.35, 0.36, 0.37, 0.38, 0.37, 0.36, 0.35, 0.34, 0.33, 0.32]"
741,"[-2.15, -2.145, -2.14, -2.135, -2.13, -2.125, -2.12, -2.115, -2.11, -2.105]"
742,"[0.45, 0.46, 0.47, 0.48, 0.49, 0.5, 0.51, 0.52, 0.53, 0.54]"
743,"[0.8, 0.82, 0.81, 0.8, 0.79, 0.78, 0.77, 0.76, 0.75, 0.74]"
744,"[1.04, 1.02, 1.01, 1.03, 1.02, 1.01, 1.03, 1.02, 1.01, 1.03]"
745,"[0.905, 0.91, 0.915, 0.92, 0.925, 0.93, 0.935, 0.94, 0.945, 0.95]"
746,"[0.125, 0.13, 0.135, 0.14, 0.145, 0.15, 0.155, 0.16, 0.165, 0.17]"
747,"[0.68, 0.7, 0.72, 0.73, 0.74, 0.75, 0.76, 0.77, 0.78, 0.79]"
748,"[0.88, 0.87, 0.86, 0.85, 0.84, 0.83, 0.82, 0.81, 0.8, 0.79]"
749,"[-0.26, -0.25, -0.24, -0.23, -0.22, -0.21, -0.2, -0.19, -0.18, -0.17]"
750,"[-1.765, -1.755, -1.745, -1.735, -1.725, -1.715, -1.705, -1.695, -1.685, -1.675]"
751,"[0.45, 0.46, 0.47, 0.48, 0.49, 0.5, 0.51, 0.52, 0.53, 0.54]"
752,"[0.53, 0.54, 0.55, 0.56, 0.57, 0.58, 0.59, 0.6, 0.61, 0.62]"
753,"[0.3149, 0.3299, 0.3399, 0.3449, 0.3399, 0.3349, 0.3299, 0.3249, 0.3199, 0.3149]"
754,"[0.685, 0.695, 0.705, 0.715, 0.725, 0.735, 0.745, 0.755, 0.765, 0.775]"
755,"[0.705, 0.71, 0.69, 0.705, 0.715, 0.72, 0.725, 0.715, 0.705, 0.71]"
756,"[-0.89, -0.88, -0.87, -0.86, -0.85, -0.84, -0.83, -0.82, -0.81, -0.8]"
757,"[0.705, 0.702, 0.701, 0.703, 0.704, 0.706, 0.707, 0.708, 0.709, 0.71]"
758,"[-0.8, -0.82, -0.84, -0.81, -0.83, -0.8, -0.82, -0.84, -0.81, -0.83]"
759,"[0.33, 0.34, 0.35, 0.36, 0.37, 0.38, 0.39, 0.4, 0.41, 0.42]"
760,"[1.75, 1.78, 1.8, 1.82, 1.84, 1.85, 1.86, 1.87, 1.88, 1.89]"
761,"[0.93, 0.91, 0.9, 0.92, 0.94, 0.95, 0.96, 0.97, 0.98, 0.99]"
762,"[0.88, 0.885, 0.89, 0.895, 0.9, 0.905, 0.91, 0.915, 0.92, 0.925]"
763,"[-1.95, -1.93, -1.94, -1.92, -1.91, -1.9, -1.89, -1.88, -1.87, -1.86]"
764,"[-1.765, -1.77, -1.775, -1.78, -1.785, -1.79, -1.795, -1.8, -1.805, -1.81]"
765,"[-1.83, -1.82, -1.81, -1.8, -1.79, -1.78, -1.77, -1.76, -1.75, -1.74]"
766,"[0.05, 0.06, 0.07, 0.08, 0.09, 0.08, 0.07, 0.06, 0.05, 0.04]"
767,"[-1.165, -1.17, -1.175, -1.18, -1.185, -1.19, -1.195, -1.2, -1.205, -1.21]"
768,"[1.45, 1.43, 1.42, 1.41, 1.4, 1.39, 1.38, 1.37, 1.36, 1.35]"
769,"[0.79, 0.78, 0.77, 0.76, 0.75, 0.74, 0.73, 0.72, 0.71, 0.7]"
770,"[0.445, 0.45, 0.455, 0.46, 0.465, 0.47, 0.475, 0.48, 0.485, 0.49]"
771,"[-1.418, -1.418, -1.418, -1.418, -1.418, -1.418, -1.418, -1.418, -1.418, -1.418]"
772,"[0.92, 0.93, 0.94, 0.95, 0.96, 0.97, 0.98, 0.99, 1.0, 1.01]"
773,"[0.79, 0.78, 0.79, 0.8, 0.81, 0.82, 0.83, 0.84, 0.85, 0.86]"
774,"[0.99, 1.01, 1.02, 1.03, 1.04, 1.05, 1.06, 1.07, 1.08, 1.09]"
775,"[-1.835, -1.84, -1.845, -1.83, -1.825, -1.82, -1.815, -1.81, -1.805, -1.8]"
776,"[1.05, 1.07, 1.09, 1.11, 1.13, 1.15, 1.17, 1.19, 1.21, 1.23]"
777,"[-1.46, -1.45, -1.44, -1.43, -1.42, -1.41, -1.4, -1.39, -1.38, -1.37]"
778,"[0.65, 0.64, 0.63, 0.64, 0.65, 0.66, 0.67, 0.68, 0.67, 0.68]"
779,"[-0.87, -0.86, -0.85, -0.84, -0.83, -0.82, -0.81, -0.8, -0.79, -0.78]"
780,"[-1.112, -1.112, -1.112, -1.112, -1.112, -1.112, -1.112, -1.112, -1.112, -1.112]"
781,"[1.6, 1.62, 1.61, 1.6, 1.59, 1.58, 1.57, 1.56, 1.55, 1.54]"
782,"[-1.042, -1.04, -1.038, -1.036, -1.034, -1.032, -1.03, -1.028, -1.026, -1.024]"
783,"[-1.26, -1.25, -1.24, -1.23, -1.22, -1.21, -1.2, -1.19, -1.18, -1.17]"
784,"[0.65, 0.67, 0.69, 0.71, 0.73, 0.75, 0.77, 0.79, 0.81, 0.83]"
785,"[-0.075, -0.055, -0.045, -0.035, -0.025, -0.015, -0.005, 0.005, 0.015, 0.025]"
786,"[0.25, 0.26, 0.27, 0.28, 0.29, 0.3, 0.31, 0.32, 0.33, 0.34]"
787,"[-1.74, -1.73, -1.72, -1.71, -1.7, -1.69, -1.68, -1.67, -1.66, -1.65]"
788,"[-1.13, -1.1, -1.07, -1.04, -1.01, -0.98, -0.95, -0.92, -0.89, -0.86]"
789,"[0.6479, 0.6479, 0.6479, 0.6479, 0.6479, 0.6479, 0.6479, 0.6479, 0.6479, 0.6479]"
790,"[-0.35, -0.34, -0.33, -0.32, -0.31, -0.3, -0.29, -0.28, -0.27, -0.26]"
791,"[0.85, 0.86, 0.87, 0.88, 0.89, 0.9, 0.89, 0.88, 0.87, 0.86]"
792,"[-0.295, -0.29, -0.285, -0.28, -0.275, -0.27, -0.265, -0.26, -0.255, -0.25]"
793,"[0.915, 0.91, 0.905, 0.9, 0.905, 0.91, 0.915, 0.92, 0.925, 0.92]"
794,"[-2.03, -2.01, -2.0, -1.99, -1.98, -1.97, -1.96, -1.95, -1.94, -1.93]"
795,"[0.8059, 0.8237, 0.8315, 0.8493, 0.8571, 0.8649, 0.8727, 0.8805, 0.8883, 0.8961]"
796,"[0.36, 0.37, 0.38, 0.37, 0.36, 0.35, 0.34, 0.33, 0.32, 0.31]"
797,"[-0.895, -0.888, -0.881, -0.874, -0.867, -0.86, -0.853, -0.846, -0.839, -0.832]"
798,"[1.355, 1.36, 1.365, 1.37, 1.375, 1.38, 1.385, 1.39, 1.395, 1.4]"
799,"[-1.62, -1.65, -1.68, -1.71, -1.74, -1.77, -1.8, -1.83, -1.86, -1.89]"
800,"[-0.096, -0.098, -0.1, -0.102, -0.104, -0.106, -0.108, -0.11, -0.112, -0.114]"
801,"[0.48, 0.49, 0.5, 0.51, 0.52, 0.53, 0.54, 0.55, 0.56, 0.57]"
802,"[-1.83, -1.82, -1.81, -1.8, -1.79, -1.78, -1.77, -1.76, -1.75, -1.74]"
803,"[-0.25, -0.24, -0.23, -0.22, -0.21, -0.2, -0.19, -0.18, -0.17, -0.16]"
804,"[0.95, 0.94, 0.93, 0.92, 0.91, 0.9, 0.91, 0.92, 0.93, 0.94]"
805,"[0.3477, 0.3477, 0.3477, 0.3477, 0.3477, 0.3477, 0.3477, 0.3477, 0.3477, 0.3477]"
806,"[-2.025, -2.015, -2.005, -2.01, -2.005, -2.0, -1.995, -1.99, -1.985, -1.98]"
807,"[0.84, 0.845, 0.85, 0.855, 0.86, 0.865, 0.87, 0.875, 0.88, 0.885]"
808,"[-0.95, -0.9, -0.95, -1.0, -1.05, -1.1, -1.15, -1.2, -1.25, -1.3]"
809,"[1.36, 1.365, 1.37, 1.375, 1.38, 1.385, 1.39, 1.395, 1.4, 1.405]"
810,"[0.65, 0.67, 0.64, 0.66, 0.68, 0.65, 0.67, 0.69, 0.66, 0.68]"
811,"[0.315, 0.32, 0.325, 0.33, 0.335, 0.34, 0.345, 0.35, 0.355, 0.36]"
812,"[0.5, 0.49, 0.485, 0.495, 0.498, 0.502, 0.505, 0.508, 0.51, 0.512]"
813,"[-0.915, -0.89, -0.865, -0.84, -0.815, -0.79, -0.765, -0.74, -0.715, -0.69]"
814,"[0.45, 0.46, 0.47, 0.48, 0.49, 0.5, 0.51, 0.52, 0.53, 0.54]"
815,"[-1.93, -1.91, -1.89, -1.87, -1.85, -1.83, -1.81, -1.79, -1.77, -1.75]"
816,"[0.745, 0.73, 0.75, 0.76, 0.77, 0.78, 0.79, 0.8, 0.81, 0.82]"
817,"[0.75, 0.74, 0.73, 0.72, 0.71, 0.7, 0.71, 0.72, 0.73, 0.74]"
818,"[-1.696, -1.712, -1.728, -1.744, -1.76, -1.776, -1.792, -1.808, -1.824, -1.84]"
819,"[1.45, 1.46, 1.47, 1.48, 1.49, 1.5, 1.51, 1.52, 1.53, 1.54]"
820,"[0.95, 0.93, 0.92, 0.91, 0.9, 0.89, 0.88, 0.87, 0.86, 0.85]"
821,"[0.925, 0.928, 0.922, 0.924, 0.926, 0.928, 0.923, 0.925, 0.927, 0.929]"
822,"[-2.06, -2.065, -2.07, -2.075, -2.08, -2.085, -2.09, -2.095, -2.1, -2.105]"
823,"[0.825, 0.83, 0.835, 0.84, 0.845, 0.85, 0.855, 0.86, 0.865, 0.87]"
824,"[-1.745, -1.74, -1.735, -1.73, -1.725, -1.72, -1.715, -1.71, -1.705, -1.7]"
825,"[0.805, 0.81, 0.815, 0.82, 0.818, 0.825, 0.83, 0.828, 0.835, 0.832]"
826,"[0.97, 0.98, 0.99, 1.0, 1.01, 1.02, 1.03, 1.04, 1.05, 1.06]"
827,"[0.48, 0.47, 0.46, 0.45, 0.44, 0.43, 0.42, 0.41, 0.4, 0.39]"
828,"[-0.77, -0.75, -0.73, -0.71, -0.69, -0.67, -0.65, -0.63, -0.61, -0.59]"
829,"[-0.18, -0.17, -0.16, -0.15, -0.14, -0.13, -0.12, -0.11, -0.1, -0.09]"
830,"[0.59, 0.61, 0.63, 0.62, 0.64, 0.63, 0.65, 0.64, 0.63, 0.62]"
831,"[-0.8912, -0.8859, -0.88, -0.875, -0.87, -0.865, -0.86, -0.855, -0.85, -0.845]"
832,"[-1.68, -1.67, -1.66, -1.65, -1.64, -1.63, -1.62, -1.61, -1.6, -1.59]"
833,"[-1.04, -1.02, -1.0, -0.98, -0.96, -0.94, -0.92, -0.9, -0.88, -0.86]"
834,"[0.36, 0.365, 0.37, 0.375, 0.38, 0.385, 0.39, 0.395, 0.4, 0.405]"
835,"[-0.856, -0.861, -0.866, -0.871, -0.876, -0.881, -0.886, -0.891, -0.896, -0.901]"
836,"[1.318, 1.332, 1.346, 1.36, 1.374, 1.388, 1.402, 1.416, 1.43, 1.444]"
837,"[0.475, 0.485, 0.495, 0.505, 0.515, 0.525, 0.535, 0.545, 0.555, 0.565]"
838,"[0.92, 0.93, 0.94, 0.95, 0.96, 0.97, 0.98, 0.99, 1.0, 1.01]"
839,"[0.82, 0.83, 0.84, 0.85, 0.86, 0.87, 0.88, 0.89, 0.9, 0.91]"
840,"[0.9444, 0.9467, 0.9489, 0.9512, 0.9534, 0.9556, 0.9578, 0.9599, 0.9621, 0.9643]"
841,"[-0.81, -0.805, -0.802, -0.8, -0.798, -0.796, -0.795, -0.794, -0.793, -0.792]"
842,"[0.45, 0.445, 0.455, 0.46, 0.465, 0.47, 0.475, 0.48, 0.485, 0.49]"
843,"[-1.745, -1.74, -1.735, -1.73, -1.725, -1.72, -1.715, -1.71, -1.705, -1.7]"
844,"[0.8638, 0.8601, 0.8658, 0.8715, 0.8772, 0.8829, 0.8886, 0.8943, 0.8999, 0.9056]"
845,"[0.685, 0.705, 0.725, 0.745, 0.765, 0.785, 0.805, 0.825, 0.845, 0.865]"
846,"[0.207, 0.208, 0.209, 0.21, 0.211, 0.212, 0.213, 0.214, 0.215, 0.216]"
847,"[-0.85, -0.84, -0.83, -0.82, -0.81, -0.8, -0.79, -0.78, -0.77, -0.76]"
848,"[1.198, 1.195, 1.192, 1.19, 1.188, 1.186, 1.184, 1.182, 1.18, 1.178]"
849,"[1.0854, 1.1235, 1.1616, 1.1997, 1.2378, 1.2759, 1.314, 1.3521, 1.3902, 1.4283]"
850,"[0.53, 0.54, 0.55, 0.56, 0.57, 0.58, 0.59, 0.6, 0.61, 0.62]"
851,"[0.41, 0.42, 0.43, 0.44, 0.45, 0.46, 0.47, 0.48, 0.49, 0.5]"
852,"[-0.85, -0.84, -0.83, -0.82, -0.81, -0.8, -0.79, -0.78, -0.77, -0.76]"
853,"[0.15, 0.145, 0.14, 0.135, 0.13, 0.125, 0.12, 0.115, 0.11, 0.105]"
854,"[0.65, 0.66, 0.67, 0.68, 0.69, 0.7, 0.71, 0.72, 0.73, 0.74]"
855,"[-0.3404, -0.3204, -0.3004, -0.2804, -0.2604, -0.2404, -0.2204, -0.2004, -0.1804, -0.1604]"
856,"[0.81, 0.8, 0.82, 0.81, 0.83, 0.82, 0.81, 0.8, 0.82, 0.81]"
857,"[0.915, 0.918, 0.92, 0.922, 0.923, 0.924, 0.925, 0.926, 0.927, 0.928]"
858,"[-0.375, -0.38, -0.385, -0.39, -0.395, -0.4, -0.405, -0.41, -0.415, -0.42]"
859,"[-0.22, -0.215, -0.21, -0.205, -0.2, -0.195, -0.19, -0.185, -0.18, -0.175]"
860,"[0.93, 0.94, 0.92, 0.95, 0.93, 0.96, 0.94, 0.97, 0.95, 0.98]"
861,"[1.84, 1.83, 1.82, 1.81, 1.8, 1.79, 1.78, 1.77, 1.76, 1.75]"
862,"[1.55, 1.54, 1.53, 1.52, 1.51, 1.5, 1.49, 1.48, 1.47, 1.46]"
863,"[1.98, 1.99, 1.97, 1.98, 1.99, 2.0, 1.98, 1.99, 2.0, 1.98]"
864,"[1.75, 1.77, 1.79, 1.81, 1.83, 1.85, 1.87, 1.89, 1.91, 1.93]"
865,"[1.285, 1.302, 1.319, 1.336, 1.353, 1.369, 1.385, 1.399, 1.414, 1.428]"
866,"[2.025, 2.03, 2.015, 2.02, 2.01, 2.015, 2.02, 2.025, 2.03, 2.035]"
867,"[2.05, 2.03, 2.02, 2.04, 2.06, 2.07, 2.05, 2.03, 2.04, 2.02]"
868,"[1.68, 1.7, 1.72, 1.74, 1.76, 1.78, 1.8, 1.82, 1.84, 1.86]"
869,"[2.15, 2.18, 2.21, 2.24, 2.27, 2.3, 2.33, 2.36, 2.39, 2.42]"
870,"[1.86, 1.87, 1.88, 1.89, 1.9, 1.91, 1.92, 1.93, 1.94, 1.95]"
871,"[1.54, 1.53, 1.52, 1.51, 1.5, 1.51, 1.52, 1.53, 1.54, 1.55]"
872,"[1.98, 1.99, 2.0, 1.99, 2.01, 2.0, 1.99, 2.0, 1.98, 1.99]"
873,"[2.25, 2.28, 2.31, 2.34, 2.37, 2.4, 2.43, 2.46, 2.49, 2.52]"
874,"[1.25, 1.27, 1.28, 1.26, 1.24, 1.23, 1.22, 1.21, 1.2, 1.19]"
875,"[1.565, 1.58, 1.595, 1.61, 1.625, 1.64, 1.655, 1.67, 1.685, 1.7]"
876,"[1.677, 1.67, 1.663, 1.656, 1.65, 1.643, 1.636, 1.63, 1.623, 1.616]"
877,"[2.05, 2.08, 2.12, 2.15, 2.18, 2.2, 2.23, 2.25, 2.27, 2.3]"
878,"[1.75, 1.77, 1.79, 1.81, 1.83, 1.85, 1.87, 1.89, 1.91, 1.93]"
879,"[1.51, 1.505, 1.502, 1.508, 1.515, 1.52, 1.525, 1.53, 1.535, 1.54]"
880,"[1.225, 1.235, 1.245, 1.255, 1.265, 1.275, 1.285, 1.295, 1.305, 1.315]"
881,"[1.37, 1.38, 1.39, 1.4, 1.41, 1.42, 1.43, 1.44, 1.45, 1.46]"
882,"[1.796, 1.796, 1.796, 1.796, 1.796, 1.796, 1.796, 1.796, 1.796, 1.796]"
883,"[2.02, 2.03, 2.04, 2.05, 2.06, 2.07, 2.08, 2.09, 2.1, 2.11]"
884,"[1.275, 1.268, 1.262, 1.256, 1.25, 1.244, 1.238, 1.232, 1.226, 1.22]"
885,"[1.28, 1.3, 1.32, 1.31, 1.3, 1.32, 1.31, 1.33, 1.32, 1.31]"
886,"[1.55, 1.57, 1.56, 1.58, 1.6, 1.62, 1.61, 1.63, 1.65, 1.67]"
887,"[1.13, 1.14, 1.15, 1.16, 1.17, 1.18, 1.19, 1.2, 1.21, 1.22]"
888,"[1.98, 1.99, 2.0, 2.01, 2.02, 2.03, 2.04, 2.05, 2.06, 2.07]"
889,"[2.01, 2.005, 2.02, 2.03, 2.04, 2.05, 2.06, 2.07, 2.08, 2.09]"
890,"[1.65, 1.68, 1.71, 1.74, 1.77, 1.8, 1.83, 1.86, 1.89, 1.92]"
891,"[1.41, 1.39, 1.4, 1.41, 1.42, 1.43, 1.44, 1.45, 1.46, 1.47]"
892,"[1.38, 1.39, 1.4, 1.41, 1.42, 1.43, 1.44, 1.45, 1.46, 1.47]"
893,"[1.26, 1.27, 1.28, 1.29, 1.3, 1.31, 1.32, 1.33, 1.34, 1.35]"
894,"[1.88, 1.9, 1.92, 1.93, 1.94, 1.95, 1.96, 1.97, 1.98, 1.99]"
895,"[1.98, 1.97, 1.96, 1.95, 1.94, 1.93, 1.92, 1.91, 1.9, 1.89]"
896,"[1.52, 1.51, 1.52, 1.53, 1.54, 1.55, 1.56, 1.57, 1.58, 1.59]"
897,"[1.15, 1.17, 1.18, 1.19, 1.2, 1.21, 1.22, 1.23, 1.24, 1.25]"
898,"[1.78, 1.81, 1.84, 1.87, 1.9, 1.93, 1.96, 1.99, 2.02, 2.05]"
899,"[1.53, 1.54, 1.55, 1.56, 1.57, 1.58, 1.59, 1.6, 1.61, 1.62]"
900,"[1.295, 1.312, 1.329, 1.346, 1.363, 1.379, 1.396, 1.412, 1.428, 1.444]"
901,"[2.02, 2.0, 1.98, 1.99, 2.01, 2.03, 2.04, 2.05, 2.06, 2.07]"
902,"[1.15, 1.16, 1.17, 1.18, 1.19, 1.2, 1.21, 1.22, 1.23, 1.24]"
903,"[1.12, 1.13, 1.14, 1.15, 1.16, 1.17, 1.18, 1.19, 1.2, 1.21]"
904,"[1.82, 1.81, 1.8, 1.81, 1.82, 1.83, 1.82, 1.81, 1.8, 1.81]"
905,"[1.56, 1.57, 1.58, 1.59, 1.6, 1.61, 1.62, 1.63, 1.64, 1.65]"
906,"[1.25, 1.24, 1.23, 1.22, 1.21, 1.2, 1.19, 1.18, 1.17, 1.16]"
907,"[1.01, 1.03, 1.05, 1.07, 1.09, 1.11, 1.13, 1.15, 1.17, 1.19]"
908,"[1.45, 1.43, 1.42, 1.41, 1.4, 1.42, 1.43, 1.44, 1.45, 1.46]"
909,"[1.27, 1.28, 1.29, 1.3, 1.31, 1.32, 1.33, 1.34, 1.35, 1.34]"
910,"[1.98, 1.97, 1.96, 1.95, 1.94, 1.93, 1.92, 1.91, 1.9, 1.89]"
911,"[2.21, 2.23, 2.25, 2.27, 2.29, 2.31, 2.33, 2.35, 2.37, 2.39]"
912,"[0.995, 1.01, 1.025, 1.03, 1.035, 1.04, 1.045, 1.05, 1.055, 1.06]"
913,"[1.9, 1.92, 1.93, 1.91, 1.9, 1.91, 1.92, 1.93, 1.92, 1.91]"
914,"[1.34, 1.33, 1.32, 1.31, 1.3, 1.29, 1.28, 1.27, 1.26, 1.25]"
915,"[1.53, 1.54, 1.55, 1.56, 1.57, 1.58, 1.58, 1.57, 1.56, 1.55]"
916,"[1.21, 1.22, 1.23, 1.24, 1.25, 1.26, 1.27, 1.28, 1.29, 1.3]"
917,"[1.77, 1.81, 1.83, 1.85, 1.87, 1.88, 1.89, 1.9, 1.91, 1.92]"
918,"[1.326, 1.33, 1.34, 1.35, 1.36, 1.37, 1.38, 1.39, 1.4, 1.41]"
919,"[1.355, 1.36, 1.365, 1.37, 1.375, 1.38, 1.385, 1.39, 1.395, 1.4]"
920,"[1.08, 1.12, 1.15, 1.18, 1.2, 1.22, 1.23, 1.24, 1.25, 1.26]"
921,"[1.412, 1.395, 1.405, 1.42, 1.43, 1.44, 1.45, 1.46, 1.47, 1.48]"
922,"[1.34, 1.345, 1.35, 1.348, 1.352, 1.349, 1.351, 1.347, 1.35, 1.348]"
923,"[0.96, 0.97, 0.98, 0.99, 1.0, 1.01, 1.02, 1.03, 1.04, 1.05]"
924,"[1.39, 1.41, 1.42, 1.43, 1.44, 1.45, 1.46, 1.47, 1.48, 1.49]"
925,"[1.68, 1.7, 1.72, 1.73, 1.74, 1.75, 1.76, 1.77, 1.78, 1.79]"
926,"[1.35, 1.36, 1.37, 1.35, 1.34, 1.33, 1.32, 1.31, 1.3, 1.31]"
927,"[2.12, 2.14, 2.16, 2.18, 2.2, 2.22, 2.24, 2.26, 2.28, 2.3]"
928,"[1.15, 1.18, 1.21, 1.24, 1.27, 1.3, 1.33, 1.36, 1.39, 1.42]"
929,"[1.095, 1.09, 1.085, 1.08, 1.075, 1.07, 1.065, 1.06, 1.055, 1.05]"
930,"[1.28, 1.27, 1.26, 1.25, 1.24, 1.23, 1.22, 1.21, 1.2, 1.19]"
931,"[1.59, 1.61, 1.62, 1.63, 1.64, 1.65, 1.66, 1.67, 1.68, 1.69]"
932,"[1.175, 1.165, 1.17, 1.175, 1.18, 1.185, 1.19, 1.195, 1.2, 1.205]"
933,"[1.42, 1.43, 1.44, 1.45, 1.46, 1.47, 1.48, 1.49, 1.5, 1.51]"
934,"[1.25, 1.23, 1.22, 1.21, 1.2, 1.19, 1.18, 1.17, 1.16, 1.15]"
935,"[1.97, 1.98, 1.99, 2.0, 2.01, 1.99, 2.0, 2.01, 2.02, 2.03]"
936,"[1.37, 1.38, 1.39, 1.4, 1.41, 1.42, 1.43, 1.44, 1.45, 1.46]"
937,"[1.62, 1.63, 1.64, 1.65, 1.66, 1.67, 1.68, 1.69, 1.7, 1.71]"
938,"[1.35, 1.37, 1.39, 1.41, 1.43, 1.45, 1.47, 1.49, 1.51, 1.53]"
939,"[1.45, 1.48, 1.51, 1.54, 1.57, 1.6, 1.63, 1.66, 1.69, 1.72]"
940,"[1.45, 1.46, 1.47, 1.48, 1.49, 1.5, 1.51, 1.52, 1.53, 1.54]"
941,"[1.37, 1.36, 1.35, 1.34, 1.33, 1.32, 1.31, 1.3, 1.29, 1.28]"
942,"[1.91, 1.94, 1.96, 1.98, 2.0, 2.02, 2.04, 2.06, 2.08, 2.1]"
943,"[1.175, 1.168, 1.162, 1.156, 1.15, 1.144, 1.138, 1.132, 1.126, 1.12]"
944,"[1.69, 1.71, 1.73, 1.75, 1.77, 1.78, 1.76, 1.78, 1.8, 1.82]"
945,"[1.21, 1.22, 1.23, 1.225, 1.23, 1.235, 1.24, 1.245, 1.25, 1.255]"
946,"[1.95, 1.97, 1.99, 2.01, 2.03, 2.05, 2.07, 2.09, 2.11, 2.13]"
947,"[1.38, 1.41, 1.43, 1.42, 1.4, 1.38, 1.36, 1.35, 1.34, 1.33]"
948,"[1.97, 1.98, 1.99, 2.0, 2.01, 2.02, 2.03, 2.04, 2.05, 2.06]"
949,"[1.66, 1.67, 1.68, 1.69, 1.7, 1.71, 1.72, 1.73, 1.74, 1.75]"
950,"[1.59, 1.62, 1.65, 1.68, 1.71, 1.74, 1.77, 1.8, 1.83, 1.86]"
951,"[1.53, 1.54, 1.55, 1.56, 1.57, 1.58, 1.59, 1.6, 1.61, 1.62]"
952,"[1.897, 1.947, 1.997, 2.047, 1.997, 2.047, 2.097, 2.147, 2.197, 2.247]"
953,"[1.385, 1.365, 1.395, 1.425, 1.415, 1.445, 1.435, 1.465, 1.455, 1.485]"
954,"[1.34, 1.33, 1.33, 1.33, 1.33, 1.33, 1.33, 1.33, 1.33, 1.33]"
955,"[0.95, 0.96, 0.97, 0.98, 0.99, 1.0, 1.01, 1.02, 1.03, 1.04]"
956,"[1.45, 1.47, 1.43, 1.46, 1.48, 1.44, 1.49, 1.46, 1.47, 1.45]"
957,"[1.275, 1.28, 1.285, 1.29, 1.295, 1.3, 1.305, 1.31, 1.315, 1.32]"
958,"[1.21, 1.22, 1.23, 1.24, 1.25, 1.26, 1.27, 1.28, 1.29, 1.3]"
959,"[1.62, 1.64, 1.61, 1.63, 1.65, 1.66, 1.64, 1.67, 1.65, 1.68]"
960,"[1.95, 1.93, 1.92, 1.91, 1.9, 1.91, 1.92, 1.93, 1.94, 1.95]"
961,"[1.33, 1.34, 1.35, 1.36, 1.37, 1.38, 1.39, 1.38, 1.37, 1.36]"
962,"[1.28, 1.3, 1.32, 1.31, 1.3, 1.32, 1.31, 1.33, 1.34, 1.35]"
963,"[1.985, 2.005, 2.025, 2.045, 2.065, 2.085, 2.105, 2.125, 2.145, 2.165]"
964,"[1.43, 1.42, 1.41, 1.42, 1.43, 1.44, 1.45, 1.46, 1.47, 1.48]"
965,"[2.02, 2.03, 2.04, 2.05, 2.06, 2.07, 2.08, 2.09, 2.1, 2.11]"
966,"[1.59, 1.605, 1.61, 1.615, 1.62, 1.625, 1.615, 1.61, 1.605, 1.6]"
967,"[1.05, 1.07, 1.08, 1.09, 1.1, 1.11, 1.12, 1.13, 1.14, 1.15]"
968,"[1.12, 1.13, 1.14, 1.15, 1.16, 1.17, 1.18, 1.19, 1.2, 1.21]"
969,"[1.205, 1.215, 1.225, 1.235, 1.245, 1.235, 1.225, 1.215, 1.205, 1.195]"
970,"[1.15, 1.16, 1.17, 1.18, 1.19, 1.2, 1.19, 1.18, 1.17, 1.16]"
971,"[1.26, 1.27, 1.28, 1.29, 1.3, 1.29, 1.28, 1.27, 1.26, 1.25]"
972,"[1.65, 1.67, 1.69, 1.71, 1.73, 1.75, 1.77, 1.79, 1.81, 1.83]"
973,"[1.28, 1.32, 1.35, 1.37, 1.39, 1.41, 1.43, 1.44, 1.45, 1.46]"
974,"[1.15, 1.16, 1.17, 1.18, 1.19, 1.2, 1.21, 1.22, 1.23, 1.24]"
975,"[2.04, 2.03, 2.02, 2.01, 2.0, 2.01, 2.02, 2.03, 2.04, 2.05]"
976,"[1.34, 1.345, 1.35, 1.348, 1.345, 1.342, 1.347, 1.345, 1.343, 1.341]"
977,"[1.165, 1.17, 1.175, 1.18, 1.185, 1.19, 1.195, 1.2, 1.205, 1.21]"
978,"[1.65, 1.66, 1.67, 1.68, 1.69, 1.7, 1.71, 1.72, 1.73, 1.74]"
979,"[1.75, 1.76, 1.77, 1.78, 1.79, 1.8, 1.81, 1.82, 1.83, 1.84]"
980,"[1.85, 1.83, 1.84, 1.82, 1.81, 1.8, 1.83, 1.82, 1.84, 1.85]"
981,"[1.81, 1.815, 1.82, 1.815, 1.82, 1.815, 1.82, 1.815, 1.82, 1.815]"
982,"[1.83, 1.84, 1.85, 1.86, 1.87, 1.88, 1.89, 1.9, 1.91, 1.92]"
983,"[1.85, 1.88, 1.9, 1.92, 1.95, 1.98, 2.01, 2.03, 2.05, 2.07]"
984,"[1.65, 1.67, 1.69, 1.68, 1.7, 1.72, 1.71, 1.73, 1.75, 1.74]"
985,"[1.55, 1.53, 1.52, 1.51, 1.5, 1.49, 1.48, 1.47, 1.46, 1.45]"
986,"[1.59, 1.61, 1.63, 1.65, 1.67, 1.69, 1.71, 1.73, 1.75, 1.77]"
987,"[1.72, 1.75, 1.78, 1.76, 1.79, 1.82, 1.8, 1.83, 1.85, 1.88]"
988,"[1.81, 1.82, 1.81, 1.8, 1.81, 1.82, 1.81, 1.8, 1.81, 1.82]"
989,"[1.92, 1.95, 1.98, 2.01, 2.04, 2.07, 2.1, 2.13, 2.16, 2.19]"
990,"[1.85, 1.87, 1.84, 1.86, 1.88, 1.9, 1.92, 1.94, 1.96, 1.98]"
991,"[2.02, 2.05, 2.08, 2.11, 2.14, 2.17, 2.2, 2.23, 2.26, 2.29]"
992,"[2.05, 2.1, 2.15, 2.2, 2.25, 2.3, 2.35, 2.4, 2.45, 2.5]"
993,"[2.02, 2.01, 2.0, 2.01, 2.02, 2.03, 2.04, 2.03, 2.02, 2.01]"
994,"[1.93, 1.91, 1.95, 1.98, 2.01, 2.03, 2.05, 2.07, 2.09, 2.11]"
995,"[1.9, 1.95, 1.98, 1.96, 1.94, 1.92, 1.9, 1.88, 1.86, 1.84]"
996,"[1.85, 1.84, 1.85, 1.86, 1.87, 1.88, 1.89, 1.9, 1.91, 1.92]"
997,"[1.72, 1.75, 1.78, 1.81, 1.84, 1.87, 1.9, 1.93, 1.96, 1.99]"
998,"[1.68, 1.72, 1.75, 1.73, 1.71, 1.74, 1.76, 1.78, 1.8, 1.82]"
999,"[1.56, 1.58, 1.6, 1.62, 1.64, 1.66, 1.68, 1.7, 1.72, 1.74]"
1000,"[1.39, 1.41, 1.43, 1.45, 1.47, 1.49, 1.51, 1.53, 1.55, 1.57]"
1001,"[1.386, 1.386, 1.386, 1.386, 1.386, 1.386, 1.386, 1.386, 1.386, 1.386]"
1002,"[1.38, 1.37, 1.36, 1.35, 1.34, 1.33, 1.32, 1.31, 1.3, 1.29]"
1003,"[1.33, 1.34, 1.35, 1.36, 1.37, 1.38, 1.39, 1.4, 1.41, 1.42]"
1004,"[1.45, 1.47, 1.49, 1.51, 1.53, 1.55, 1.57, 1.59, 1.61, 1.63]"
1005,"[1.38, 1.41, 1.44, 1.47, 1.5, 1.53, 1.56, 1.59, 1.62, 1.65]"
1006,"[1.45, 1.47, 1.46, 1.44, 1.43, 1.42, 1.41, 1.4, 1.39, 1.38]"
1007,"[1.66, 1.68, 1.7, 1.72, 1.74, 1.76, 1.78, 1.8, 1.82, 1.84]"
1008,"[1.51, 1.52, 1.53, 1.54, 1.55, 1.56, 1.57, 1.58, 1.59, 1.6]"
1009,"[1.514, 1.524, 1.534, 1.544, 1.554, 1.564, 1.574, 1.584, 1.594, 1.604]"
1010,"[1.54, 1.53, 1.52, 1.51, 1.5, 1.51, 1.52, 1.53, 1.54, 1.55]"
1011,"[1.58, 1.61, 1.64, 1.67, 1.7, 1.73, 1.76, 1.79, 1.82, 1.85]"
1012,"[1.52, 1.51, 1.53, 1.52, 1.51, 1.52, 1.53, 1.54, 1.53, 1.52]"
1013,"[1.52, 1.53, 1.54, 1.55, 1.56, 1.57, 1.58, 1.59, 1.6, 1.61]"
1014,"[1.535, 1.535, 1.535, 1.535, 1.535, 1.535, 1.535, 1.535, 1.535, 1.535]"
1015,"[1.52, 1.53, 1.54, 1.525, 1.535, 1.545, 1.53, 1.54, 1.525, 1.535]"
1016,"[1.65, 1.67, 1.66, 1.68, 1.65, 1.66, 1.68, 1.7, 1.72, 1.73]"
1017,"[1.55, 1.54, 1.53, 1.52, 1.51, 1.5, 1.49, 1.48, 1.47, 1.46]"
1018,"[1.57, 1.56, 1.55, 1.54, 1.53, 1.52, 1.51, 1.5, 1.49, 1.48]"
1019,"[1.8, 1.82, 1.84, 1.85, 1.83, 1.81, 1.8, 1.82, 1.84, 1.85]"
1020,"[1.79, 1.81, 1.83, 1.85, 1.87, 1.89, 1.91, 1.93, 1.95, 1.97]"
1021,"[1.63, 1.61, 1.64, 1.66, 1.67, 1.68, 1.69, 1.7, 1.71, 1.72]"
1022,"[1.685, 1.69, 1.705, 1.72, 1.735, 1.75, 1.765, 1.78, 1.795, 1.81]"
1023,"[1.61, 1.605, 1.61, 1.605, 1.61, 1.605, 1.61, 1.605, 1.61, 1.605]"
1024,"[1.73, 1.71, 1.74, 1.72, 1.75, 1.73, 1.76, 1.74, 1.77, 1.75]"
1025,"[1.85, 1.88, 1.9, 1.92, 1.95, 1.97, 1.99, 2.01, 2.03, 2.05]"
1026,"[1.68, 1.69, 1.7, 1.71, 1.72, 1.73, 1.74, 1.75, 1.76, 1.77]"
1027,"[1.25, 1.27, 1.29, 1.31, 1.33, 1.35, 1.37, 1.39, 1.41, 1.43]"
1028,"[1.23, 1.24, 1.25, 1.26, 1.27, 1.28, 1.29, 1.3, 1.31, 1.32]"
1029,"[1.12, 1.15, 1.18, 1.2, 1.22, 1.23, 1.24, 1.25, 1.26, 1.27]"
1030,"[1.35, 1.38, 1.41, 1.44, 1.47, 1.5, 1.53, 1.56, 1.59, 1.62]"
1031,"[1.32, 1.35, 1.38, 1.4, 1.42, 1.43, 1.44, 1.45, 1.46, 1.47]"
1032,"[1.31, 1.35, 1.38, 1.32, 1.28, 1.25, 1.22, 1.25, 1.23, 1.21]"
1033,"[1.305, 1.31, 1.315, 1.32, 1.325, 1.33, 1.335, 1.34, 1.345, 1.35]"
1034,"[1.48, 1.52, 1.56, 1.59, 1.62, 1.65, 1.68, 1.71, 1.74, 1.77]"
1035,"[1.56, 1.57, 1.58, 1.59, 1.6, 1.61, 1.62, 1.63, 1.64, 1.65]"
1036,"[1.51, 1.53, 1.55, 1.57, 1.59, 1.61, 1.63, 1.65, 1.63, 1.61]"
1037,"[1.65, 1.66, 1.67, 1.68, 1.69, 1.68, 1.67, 1.66, 1.65, 1.64]"
1038,"[1.85, 1.88, 1.91, 1.94, 1.97, 2.0, 2.03, 2.06, 2.09, 2.12]"
1039,"[1.95, 2.05, 2.15, 2.25, 2.35, 2.45, 2.55, 2.65, 2.75, 2.85]"
1040,"[1.637, 1.625, 1.645, 1.665, 1.685, 1.675, 1.695, 1.715, 1.735, 1.725]"
1041,"[1.55, 1.53, 1.54, 1.55, 1.56, 1.57, 1.58, 1.59, 1.6, 1.61]"
1042,"[1.696, 1.678, 1.685, 1.692, 1.699, 1.706, 1.713, 1.71, 1.717, 1.724]"
1043,"[1.66, 1.65, 1.64, 1.63, 1.62, 1.61, 1.6, 1.59, 1.58, 1.57]"
1044,"[1.55, 1.57, 1.6, 1.62, 1.65, 1.63, 1.6, 1.62, 1.6, 1.58]"
1045,"[1.68, 1.71, 1.74, 1.76, 1.78, 1.8, 1.82, 1.84, 1.86, 1.88]"
1046,"[1.665, 1.67, 1.675, 1.68, 1.685, 1.69, 1.695, 1.7, 1.705, 1.71]"
1047,"[1.8, 1.82, 1.84, 1.86, 1.88, 1.9, 1.92, 1.94, 1.96, 1.98]"
1048,"[1.91, 1.93, 1.95, 1.97, 1.99, 2.01, 2.03, 2.05, 2.07, 2.09]"
1049,"[2.03, 2.05, 2.07, 2.08, 2.09, 2.1, 2.11, 2.12, 2.13, 2.14]"
1050,"[1.85, 1.88, 1.91, 1.94, 1.97, 2.0, 2.03, 2.06, 2.09, 2.12]"
1051,"[2.07, 2.08, 2.09, 2.1, 2.11, 2.12, 2.13, 2.14, 2.15, 2.16]"
1052,"[1.96, 1.97, 1.98, 1.99, 2.0, 2.01, 2.02, 2.03, 2.04, 2.05]"
1053,"[2.08, 2.12, 2.15, 2.18, 2.2, 2.22, 2.24, 2.25, 2.26, 2.27]"
1054,"[2.05, 2.07, 2.09, 2.11, 2.13, 2.15, 2.17, 2.19, 2.21, 2.23]"
1055,"[1.993, 1.975, 1.985, 1.995, 1.985, 1.995, 2.005, 2.015, 2.005, 1.995]"
1056,"[2.01, 2.0, 1.99, 2.02, 2.03, 2.04, 2.05, 2.06, 2.07, 2.08]"
1057,"[2.065, 2.075, 2.085, 2.095, 2.105, 2.115, 2.125, 2.135, 2.145, 2.155]"
1058,"[2.06, 2.07, 2.08, 2.09, 2.1, 2.11, 2.12, 2.13, 2.14, 2.15]"
1059,"[2.0, 1.985, 1.97, 1.955, 1.94, 1.925, 1.91, 1.9, 1.89, 1.88]"
1060,"[2.06, 2.04, 2.05, 2.06, 2.07, 2.08, 2.09, 2.1, 2.11, 2.12]"
1061,"[2.05, 2.06, 2.07, 2.06, 2.07, 2.08, 2.09, 2.08, 2.09, 2.1]"
1062,"[2.04, 2.02, 2.03, 2.01, 2.05, 2.03, 2.02, 2.04, 2.01, 2.03]"
1063,"[1.998, 2.005, 2.012, 2.018, 2.025, 2.032, 2.039, 2.046, 2.053, 2.06]"
1064,"[1.995, 1.985, 1.99, 1.98, 1.975, 1.98, 1.97, 1.965, 1.97, 1.965]"
1065,"[2.085, 2.095, 2.105, 2.115, 2.125, 2.135, 2.145, 2.155, 2.165, 2.175]"
1066,"[1.92, 1.91, 1.9, 1.89, 1.88, 1.87, 1.86, 1.85, 1.84, 1.83]"
1067,"[1.92, 1.94, 1.96, 1.95, 1.93, 1.91, 1.9, 1.88, 1.86, 1.84]"
1068,"[1.95, 1.97, 1.99, 2.01, 2.03, 2.05, 2.07, 2.09, 2.11, 2.13]"
1069,"[1.88, 1.89, 1.9, 1.91, 1.92, 1.93, 1.94, 1.95, 1.96, 1.97]"
1070,"[1.875, 1.88, 1.885, 1.89, 1.895, 1.9, 1.905, 1.91, 1.915, 1.92]"
1071,"[1.99, 2.005, 2.01, 2.015, 2.02, 2.025, 2.03, 2.035, 2.04, 2.045]"
1072,"[1.95, 1.98, 2.02, 1.99, 2.01, 2.03, 2.0, 1.98, 2.02, 2.0]"
1073,"[1.95, 1.97, 1.98, 1.96, 1.97, 1.98, 1.99, 2.0, 2.01, 2.02]"
1074,"[1.95, 1.94, 1.93, 1.92, 1.91, 1.9, 1.89, 1.88, 1.87, 1.86]"
1075,"[1.92, 1.925, 1.93, 1.925, 1.93, 1.935, 1.94, 1.935, 1.94, 1.935]"
1076,"[1.91, 1.915, 1.92, 1.918, 1.915, 1.912, 1.91, 1.915, 1.913, 1.91]"
1077,"[1.93, 1.92, 1.93, 1.94, 1.95, 1.96, 1.97, 1.98, 1.99, 2.0]"
1078,"[1.92, 1.91, 1.9, 1.91, 1.9, 1.91, 1.9, 1.91, 1.9, 1.91]"
1079,"[1.91, 1.92, 1.93, 1.92, 1.91, 1.9, 1.91, 1.92, 1.93, 1.92]"
1080,"[1.88, 1.885, 1.89, 1.895, 1.9, 1.905, 1.91, 1.915, 1.92, 1.925]"
1081,"[1.99, 1.98, 1.97, 1.96, 1.95, 1.94, 1.93, 1.92, 1.91, 1.9]"
1082,"[1.47, 1.48, 1.49, 1.5, 1.51, 1.52, 1.53, 1.54, 1.55, 1.56]"
1083,"[1.42, 1.43, 1.44, 1.45, 1.46, 1.47, 1.48, 1.49, 1.5, 1.51]"
1084,"[1.448, 1.455, 1.462, 1.469, 1.476, 1.483, 1.49, 1.497, 1.504, 1.511]"
1085,"[1.52, 1.55, 1.58, 1.61, 1.64, 1.67, 1.7, 1.73, 1.76, 1.79]"
1086,"[1.55, 1.57, 1.59, 1.61, 1.63, 1.65, 1.67, 1.69, 1.71, 1.73]"
1087,"[1.663, 1.682, 1.701, 1.72, 1.739, 1.758, 1.777, 1.796, 1.815, 1.834]"
1088,"[1.53, 1.55, 1.57, 1.58, 1.59, 1.6, 1.61, 1.62, 1.63, 1.64]"
1089,"[1.665, 1.68, 1.695, 1.71, 1.725, 1.74, 1.755, 1.77, 1.785, 1.8]"
1090,"[1.71, 1.72, 1.73, 1.74, 1.75, 1.76, 1.77, 1.78, 1.79, 1.8]"
1091,"[1.646, 1.665, 1.685, 1.675, 1.695, 1.685, 1.705, 1.725, 1.715, 1.735]"
1092,"[1.53, 1.54, 1.55, 1.56, 1.57, 1.58, 1.59, 1.6, 1.61, 1.62]"
1093,"[1.64, 1.65, 1.66, 1.67, 1.68, 1.69, 1.7, 1.71, 1.72, 1.73]"
1094,"[1.685, 1.695, 1.705, 1.715, 1.725, 1.735, 1.745, 1.755, 1.765, 1.775]"
1095,"[1.85, 1.86, 1.87, 1.88, 1.89, 1.9, 1.91, 1.92, 1.93, 1.94]"
1096,"[1.92, 1.95, 1.98, 2.01, 2.04, 2.07, 2.1, 2.13, 2.16, 2.19]"
1097,"[2.02, 2.01, 2.0, 1.99, 1.98, 1.97, 1.96, 1.95, 1.94, 1.93]"
1098,"[2.2, 2.25, 2.3, 2.35, 2.4, 2.45, 2.5, 2.55, 2.6, 2.65]"
1099,"[2.1, 2.12, 2.15, 2.18, 2.2, 2.18, 2.16, 2.19, 2.22, 2.25]"
1100,"[2.14, 2.12, 2.11, 2.1, 2.11, 2.12, 2.13, 2.14, 2.15, 2.16]"
1101,"[2.05, 2.03, 2.07, 2.1, 2.12, 2.15, 2.18, 2.2, 2.22, 2.24]"
1102,"[2.18, 2.15, 2.22, 2.25, 2.28, 2.31, 2.34, 2.37, 2.39, 2.42]"
1103,"[2.15, 2.18, 2.21, 2.24, 2.26, 2.28, 2.3, 2.32, 2.34, 2.36]"
1104,"[2.15, 2.16, 2.17, 2.18, 2.19, 2.2, 2.21, 2.22, 2.23, 2.24]"
1105,"[2.05, 2.03, 2.04, 2.02, 2.01, 2.03, 2.04, 2.02, 2.01, 2.03]"
1106,"[1.96, 1.98, 2.0, 2.02, 2.04, 2.06, 2.08, 2.1, 2.12, 2.14]"
1107,"[1.95, 1.98, 1.96, 1.93, 1.9, 1.88, 1.86, 1.85, 1.83, 1.82]"
1108,"[2.03, 2.05, 2.07, 2.08, 2.09, 2.1, 2.11, 2.12, 2.13, 2.14]"
1109,"[2.105, 2.12, 2.135, 2.15, 2.165, 2.18, 2.195, 2.21, 2.225, 2.24]"
1110,"[2.12, 2.15, 2.18, 2.21, 2.23, 2.25, 2.27, 2.29, 2.31, 2.33]"
1111,"[2.305, 2.29, 2.28, 2.275, 2.27, 2.265, 2.26, 2.255, 2.25, 2.245]"
1112,"[2.22, 2.25, 2.28, 2.31, 2.34, 2.37, 2.4, 2.43, 2.46, 2.49]"
1113,"[2.22, 2.24, 2.26, 2.28, 2.3, 2.32, 2.34, 2.36, 2.38, 2.4]"
1114,"[2.17, 2.18, 2.19, 2.2, 2.21, 2.22, 2.23, 2.24, 2.25, 2.26]"
1115,"[2.35, 2.37, 2.39, 2.41, 2.43, 2.45, 2.47, 2.49, 2.51, 2.53]"
1116,"[2.41, 2.45, 2.48, 2.5, 2.52, 2.53, 2.54, 2.55, 2.56, 2.57]"
1117,"[2.35, 2.37, 2.39, 2.41, 2.43, 2.45, 2.47, 2.49, 2.51, 2.53]"
1118,"[2.35, 2.37, 2.39, 2.41, 2.43, 2.45, 2.47, 2.49, 2.51, 2.53]"
1119,"[2.285, 2.275, 2.265, 2.27, 2.275, 2.28, 2.285, 2.29, 2.295, 2.3]"
1120,"[2.32, 2.33, 2.34, 2.33, 2.32, 2.31, 2.3, 2.31, 2.32, 2.33]"
1121,"[2.25, 2.27, 2.29, 2.31, 2.33, 2.31, 2.3, 2.28, 2.27, 2.26]"
1122,"[2.2, 2.22, 2.24, 2.25, 2.23, 2.21, 2.23, 2.24, 2.22, 2.2]"
1123,"[2.265, 2.285, 2.305, 2.325, 2.345, 2.365, 2.385, 2.405, 2.425, 2.445]"
1124,"[2.28, 2.29, 2.3, 2.31, 2.32, 2.33, 2.34, 2.35, 2.36, 2.37]"
1125,"[2.265, 2.275, 2.26, 2.265, 2.27, 2.275, 2.28, 2.285, 2.29, 2.295]"
1126,"[2.344, 2.354, 2.364, 2.374, 2.384, 2.394, 2.404, 2.414, 2.424, 2.434]"
1127,"[2.35, 2.37, 2.39, 2.41, 2.43, 2.45, 2.47, 2.49, 2.51, 2.53]"
1128,"[2.33, 2.34, 2.35, 2.36, 2.37, 2.38, 2.39, 2.4, 2.41, 2.42]"
1129,"[2.29, 2.28, 2.27, 2.26, 2.25, 2.24, 2.23, 2.22, 2.21, 2.2]"
1130,"[2.25, 2.26, 2.27, 2.28, 2.29, 2.3, 2.31, 2.32, 2.33, 2.34]"
1131,"[2.3, 2.31, 2.32, 2.31, 2.3, 2.31, 2.32, 2.31, 2.3, 2.31]"
1132,"[2.264, 2.271, 2.267, 2.275, 2.269, 2.273, 2.266, 2.278, 2.262, 2.275]"
1133,"[2.295, 2.285, 2.29, 2.28, 2.295, 2.28, 2.29, 2.285, 2.295, 2.28]"
1134,"[2.305, 2.31, 2.315, 2.308, 2.312, 2.31, 2.315, 2.308, 2.312, 2.315]"
1135,"[2.225, 2.23, 2.24, 2.245, 2.25, 2.255, 2.26, 2.265, 2.27, 2.275]"
1136,"[2.215, 2.218, 2.221, 2.224, 2.227, 2.23, 2.233, 2.236, 2.239, 2.242]"
1137,"[2.257, 2.257, 2.257, 2.257, 2.257, 2.257, 2.257, 2.257, 2.257, 2.257]"
1138,"[2.29, 2.28, 2.27, 2.26, 2.25, 2.24, 2.23, 2.22, 2.21, 2.2]"
1139,"[2.32, 2.34, 2.31, 2.33, 2.35, 2.32, 2.34, 2.36, 2.33, 2.35]"
1140,"[2.265, 2.27, 2.275, 2.28, 2.285, 2.29, 2.295, 2.3, 2.305, 2.31]"
1141,"[2.27, 2.28, 2.29, 2.27, 2.28, 2.29, 2.3, 2.31, 2.32, 2.33]"
1142,"[2.43, 2.43, 2.43, 2.43, 2.43, 2.43, 2.43, 2.43, 2.43, 2.43]"
1143,"[2.17, 2.18, 2.19, 2.2, 2.21, 2.22, 2.23, 2.24, 2.25, 2.26]"
1144,"[2.205, 2.21, 2.22, 2.23, 2.225, 2.215, 2.225, 2.235, 2.22, 2.21]"
1145,"[2.13, 2.14, 2.15, 2.16, 2.17, 2.18, 2.19, 2.2, 2.21, 2.22]"
1146,"[2.235, 2.245, 2.255, 2.265, 2.275, 2.285, 2.295, 2.305, 2.315, 2.325]"
1147,"[2.35, 2.36, 2.37, 2.38, 2.39, 2.4, 2.41, 2.42, 2.43, 2.44]"
1148,"[2.38, 2.39, 2.4, 2.41, 2.42, 2.43, 2.44, 2.45, 2.46, 2.47]"
1149,"[2.37, 2.38, 2.39, 2.4, 2.41, 2.42, 2.43, 2.44, 2.45, 2.46]"
1150,"[2.25, 2.24, 2.23, 2.22, 2.21, 2.2, 2.21, 2.22, 2.23, 2.24]"
1151,"[2.245, 2.235, 2.255, 2.265, 2.245, 2.235, 2.255, 2.265, 2.275, 2.285]"
1152,"[2.31, 2.33, 2.35, 2.37, 2.39, 2.41, 2.43, 2.45, 2.47, 2.49]"
1153,"[2.426, 2.433, 2.462, 2.469, 2.462, 2.448, 2.455, 2.462, 2.448, 2.455]"
1154,"[2.21, 2.22, 2.23, 2.24, 2.23, 2.24, 2.25, 2.26, 2.25, 2.26]"
1155,"[2.225, 2.215, 2.235, 2.22, 2.21, 2.225, 2.23, 2.22, 2.215, 2.225]"
1156,"[2.35, 2.37, 2.39, 2.38, 2.4, 2.42, 2.41, 2.43, 2.45, 2.47]"
1157,"[2.35, 2.34, 2.36, 2.35, 2.37, 2.38, 2.36, 2.37, 2.38, 2.39]"
1158,"[2.52, 2.53, 2.54, 2.55, 2.56, 2.57, 2.58, 2.59, 2.6, 2.61]"
1159,"[2.505, 2.498, 2.51, 2.52, 2.53, 2.54, 2.55, 2.56, 2.57, 2.58]"
1160,"[2.6, 2.62, 2.61, 2.63, 2.65, 2.66, 2.67, 2.68, 2.69, 2.7]"
1161,"[2.75, 2.78, 2.81, 2.84, 2.87, 2.9, 2.93, 2.96, 2.99, 3.02]"
1162,"[2.73, 2.78, 2.83, 2.88, 2.93, 2.98, 3.03, 3.08, 3.13, 3.18]"
1163,"[2.665, 2.662, 2.668, 2.672, 2.675, 2.67, 2.673, 2.676, 2.678, 2.68]"
1164,"[2.75, 2.76, 2.77, 2.78, 2.79, 2.8, 2.81, 2.82, 2.83, 2.84]"
1165,"[2.88, 2.92, 2.95, 2.94, 2.96, 2.98, 2.97, 2.95, 2.93, 2.91]"
1166,"[2.75, 2.76, 2.77, 2.78, 2.79, 2.8, 2.81, 2.82, 2.83, 2.84]"
1167,"[2.71, 2.72, 2.73, 2.74, 2.75, 2.76, 2.77, 2.78, 2.79, 2.8]"
1168,"[2.65, 2.63, 2.62, 2.61, 2.6, 2.59, 2.58, 2.57, 2.56, 2.55]"
1169,"[2.68, 2.67, 2.66, 2.65, 2.64, 2.63, 2.62, 2.63, 2.64, 2.65]"
1170,"[2.6, 2.62, 2.63, 2.64, 2.65, 2.66, 2.67, 2.68, 2.69, 2.7]"
1171,"[2.546, 2.546, 2.546, 2.546, 2.546, 2.546, 2.546, 2.546, 2.546, 2.546]"
1172,"[2.58, 2.6, 2.62, 2.64, 2.66, 2.68, 2.7, 2.72, 2.74, 2.76]"
1173,"[2.546, 2.546, 2.546, 2.546, 2.546, 2.546, 2.546, 2.546, 2.546, 2.546]"
1174,"[2.65, 2.66, 2.67, 2.68, 2.69, 2.7, 2.71, 2.72, 2.73, 2.74]"
1175,"[2.675, 2.685, 2.695, 2.705, 2.715, 2.725, 2.735, 2.745, 2.755, 2.765]"
1176,"[2.75, 2.76, 2.77, 2.78, 2.79, 2.8, 2.81, 2.82, 2.83, 2.84]"
1177,"[2.745, 2.765, 2.785, 2.805, 2.825, 2.845, 2.865, 2.885, 2.905, 2.925]"
1178,"[2.74, 2.75, 2.76, 2.77, 2.78, 2.79, 2.8, 2.81, 2.82, 2.83]"
1179,"[2.54, 2.55, 2.56, 2.57, 2.58, 2.59, 2.6, 2.61, 2.62, 2.63]"
1180,"[2.485, 2.495, 2.505, 2.515, 2.525, 2.535, 2.545, 2.555, 2.565, 2.575]"
1181,"[2.415, 2.432, 2.45, 2.44, 2.42, 2.43, 2.44, 2.45, 2.46, 2.47]"
1182,"[2.45, 2.47, 2.49, 2.51, 2.53, 2.55, 2.57, 2.59, 2.61, 2.63]"
1183,"[2.38, 2.4, 2.42, 2.41, 2.4, 2.39, 2.38, 2.37, 2.36, 2.35]"
1184,"[2.25, 2.26, 2.27, 2.28, 2.29, 2.3, 2.31, 2.32, 2.33, 2.34]"
1185,"[2.271, 2.271, 2.271, 2.271, 2.271, 2.271, 2.271, 2.271, 2.271, 2.271]"
1186,"[2.23, 2.24, 2.25, 2.26, 2.27, 2.28, 2.29, 2.3, 2.31, 2.32]"
1187,"[2.16, 2.17, 2.18, 2.19, 2.2, 2.21, 2.22, 2.23, 2.24, 2.25]"
1188,"[2.09, 2.11, 2.13, 2.15, 2.17, 2.19, 2.21, 2.23, 2.25, 2.27]"
1189,"[2.12, 2.13, 2.14, 2.15, 2.16, 2.17, 2.18, 2.19, 2.2, 2.19]"
1190,"[2.115, 2.118, 2.121, 2.124, 2.127, 2.13, 2.133, 2.136, 2.139, 2.142]"
1191,"[2.105, 2.11, 2.115, 2.12, 2.125, 2.13, 2.135, 2.14, 2.145, 2.15]"
1192,"[2.15, 2.17, 2.19, 2.21, 2.23, 2.25, 2.27, 2.29, 2.31, 2.33]"
1193,"[2.23, 2.24, 2.25, 2.26, 2.27, 2.28, 2.29, 2.3, 2.31, 2.32]"
1194,"[2.165, 2.175, 2.185, 2.175, 2.165, 2.155, 2.145, 2.155, 2.165, 2.175]"
1195,"[2.22, 2.23, 2.24, 2.25, 2.26, 2.27, 2.28, 2.29, 2.3, 2.31]"
1196,"[2.225, 2.235, 2.245, 2.255, 2.265, 2.275, 2.285, 2.295, 2.305, 2.315]"
1197,"[2.27, 2.28, 2.29, 2.3, 2.31, 2.29, 2.28, 2.27, 2.26, 2.25]"
1198,"[2.28, 2.29, 2.3, 2.31, 2.32, 2.31, 2.3, 2.31, 2.32, 2.33]"
1199,"[2.275, 2.282, 2.288, 2.295, 2.302, 2.309, 2.316, 2.323, 2.329, 2.336]"
1200,"[2.345, 2.355, 2.365, 2.375, 2.385, 2.395, 2.405, 2.415, 2.425, 2.435]"
1201,"[2.24, 2.25, 2.26, 2.27, 2.28, 2.29, 2.3, 2.31, 2.32, 2.33]"
1202,"[2.235, 2.23, 2.238, 2.245, 2.24, 2.248, 2.255, 2.26, 2.265, 2.27]"
1203,"[2.26, 2.25, 2.24, 2.23, 2.22, 2.21, 2.2, 2.21, 2.22, 2.23]"
1204,"[2.3, 2.31, 2.32, 2.33, 2.34, 2.35, 2.36, 2.37, 2.38, 2.39]"
1205,"[2.275, 2.285, 2.295, 2.305, 2.315, 2.325, 2.335, 2.345, 2.355, 2.365]"
1206,"[2.29, 2.3, 2.295, 2.31, 2.305, 2.315, 2.308, 2.32, 2.312, 2.325]"
1207,"[2.31, 2.32, 2.33, 2.31, 2.32, 2.33, 2.34, 2.35, 2.36, 2.37]"
1208,"[2.38, 2.39, 2.4, 2.41, 2.42, 2.43, 2.44, 2.45, 2.46, 2.47]"
1209,"[2.45, 2.46, 2.47, 2.48, 2.49, 2.48, 2.47, 2.46, 2.45, 2.44]"
1210,"[2.41, 2.415, 2.42, 2.425, 2.43, 2.435, 2.44, 2.445, 2.45, 2.455]"
1211,"[2.45, 2.46, 2.47, 2.48, 2.49, 2.5, 2.51, 2.52, 2.53, 2.54]"
1212,"[2.405, 2.41, 2.4, 2.415, 2.42, 2.425, 2.43, 2.435, 2.44, 2.445]"
1213,"[2.36, 2.35, 2.34, 2.33, 2.32, 2.31, 2.3, 2.29, 2.28, 2.27]"
1214,"[2.368, 2.372, 2.375, 2.378, 2.381, 2.384, 2.387, 2.39, 2.393, 2.396]"
1215,"[2.32, 2.33, 2.34, 2.35, 2.36, 2.37, 2.38, 2.39, 2.4, 2.41]"
1216,"[2.345, 2.34, 2.335, 2.33, 2.325, 2.32, 2.315, 2.31, 2.305, 2.3]"
1217,"[2.38, 2.385, 2.39, 2.395, 2.4, 2.405, 2.41, 2.415, 2.42, 2.425]"
1218,"[2.45, 2.46, 2.47, 2.48, 2.49, 2.5, 2.51, 2.52, 2.53, 2.54]"
1219,"[2.42, 2.43, 2.44, 2.45, 2.46, 2.47, 2.48, 2.49, 2.5, 2.51]"
1220,"[2.485, 2.49, 2.475, 2.48, 2.495, 2.505, 2.51, 2.515, 2.52, 2.525]"
